Initial state,P(Loser = Player 1)
"(1, 1, 1)",0.3333333333333333
"(1, 1, 2)",0.5
"(1, 1, 3)",0.5
"(1, 1, 4)",0.5
"(1, 1, 5)",0.5
"(1, 1, 6)",0.5
"(1, 1, 7)",0.5
"(1, 1, 8)",0.5
"(1, 1, 9)",0.5
"(1, 1, 10)",0.5
"(1, 2, 1)",0.5
"(1, 2, 2)",0.6666666666666666
"(1, 2, 3)",0.6923076923076923
"(1, 2, 4)",0.7222222222222222
"(1, 2, 5)",0.7407407407407407
"(1, 2, 6)",0.7410832232496698
"(1, 2, 7)",0.7416666666666667
"(1, 2, 8)",0.7407407407407407
"(1, 2, 9)",0.7417907678815374
"(1, 2, 10)",0.742798353909465
"(1, 3, 1)",0.5
"(1, 3, 2)",0.6923076923076923
"(1, 3, 3)",0.6666666666666666
"(1, 3, 4)",0.7222222222222222
"(1, 3, 5)",0.7490092470277411
"(1, 3, 6)",0.75
"(1, 3, 7)",0.7592592592592593
"(1, 3, 8)",0.7654697856408008
"(1, 3, 9)",0.7654320987654321
"(1, 3, 10)",0.7655677655677655
"(1, 4, 1)",0.5
"(1, 4, 2)",0.7222222222222222
"(1, 4, 3)",0.7222222222222222
"(1, 4, 4)",0.7777777777777778
"(1, 4, 5)",0.8333333333333334
"(1, 4, 6)",0.8333333333333334
"(1, 4, 7)",0.8333333333333334
"(1, 4, 8)",0.8333333333333334
"(1, 4, 9)",0.8333333333333334
"(1, 4, 10)",0.8333333333333334
"(1, 5, 1)",0.5
"(1, 5, 2)",0.7407407407407407
"(1, 5, 3)",0.7490092470277411
"(1, 5, 4)",0.8333333333333334
"(1, 5, 5)",0.8888888888888888
"(1, 5, 6)",0.8892280707672069
"(1, 5, 7)",0.8895747599451304
"(1, 5, 8)",0.8888888888888888
"(1, 5, 9)",0.8901098901098901
"(1, 5, 10)",0.8916700537415888
"(1, 6, 1)",0.5
"(1, 6, 2)",0.7410832232496698
"(1, 6, 3)",0.75
"(1, 6, 4)",0.8333333333333334
"(1, 6, 5)",0.8892280707672069
"(1, 6, 6)",0.8888888888888888
"(1, 6, 7)",0.8901098901098901
"(1, 6, 8)",0.8919497498018908
"(1, 6, 9)",0.8925619834710744
"(1, 6, 10)",0.8925619834710744
"(1, 7, 1)",0.5
"(1, 7, 2)",0.7416666666666667
"(1, 7, 3)",0.7592592592592593
"(1, 7, 4)",0.8333333333333334
"(1, 7, 5)",0.8895747599451304
"(1, 7, 6)",0.8901098901098901
"(1, 7, 7)",0.8888888888888888
"(1, 7, 8)",0.8919410197353566
"(1, 7, 9)",0.8971533516988063
"(1, 7, 10)",0.8974358974358975
"(1, 8, 1)",0.5
"(1, 8, 2)",0.7407407407407407
"(1, 8, 3)",0.7654697856408008
"(1, 8, 4)",0.8333333333333334
"(1, 8, 5)",0.8888888888888888
"(1, 8, 6)",0.8919497498018908
"(1, 8, 7)",0.8919410197353566
"(1, 8, 8)",0.8888888888888888
"(1, 8, 9)",0.8925619834710744
"(1, 8, 10)",0.8974593495934959
"(1, 9, 1)",0.5
"(1, 9, 2)",0.7417907678815374
"(1, 9, 3)",0.7654320987654321
"(1, 9, 4)",0.8333333333333334
"(1, 9, 5)",0.8901098901098901
"(1, 9, 6)",0.8925619834710744
"(1, 9, 7)",0.8971533516988063
"(1, 9, 8)",0.8925619834710744
"(1, 9, 9)",0.8888888888888888
"(1, 9, 10)",0.8950617283950617
"(1, 10, 1)",0.5
"(1, 10, 2)",0.742798353909465
"(1, 10, 3)",0.7655677655677655
"(1, 10, 4)",0.8333333333333334
"(1, 10, 5)",0.8916700537415888
"(1, 10, 6)",0.8925619834710744
"(1, 10, 7)",0.8974358974358975
"(1, 10, 8)",0.8974593495934959
"(1, 10, 9)",0.8950617283950617
"(1, 10, 10)",0.8888888888888888
"(2, 1, 1)",0.0
"(2, 1, 2)",0.16666666666666666
"(2, 1, 3)",0.23076923076923078
"(2, 1, 4)",0.2222222222222222
"(2, 1, 5)",0.24074074074074073
"(2, 1, 6)",0.24966974900924702
"(2, 1, 7)",0.25
"(2, 1, 8)",0.25308641975308643
"(2, 1, 9)",0.25515659521360023
"(2, 1, 10)",0.2551440329218107
"(2, 2, 1)",0.16666666666666666
"(2, 2, 2)",0.3333333333333333
"(2, 2, 3)",0.5
"(2, 2, 4)",0.5
"(2, 2, 5)",0.5
"(2, 2, 6)",0.5
"(2, 2, 7)",0.5
"(2, 2, 8)",0.5
"(2, 2, 9)",0.5
"(2, 2, 10)",0.5
"(2, 3, 1)",0.23076923076923078
"(2, 3, 2)",0.5
"(2, 3, 3)",0.6666666666666666
"(2, 3, 4)",0.6697490092470277
"(2, 3, 5)",0.675
"(2, 3, 6)",0.6666666666666666
"(2, 3, 7)",0.6761169109338371
"(2, 3, 8)",0.6851851851851852
"(2, 3, 9)",0.6923076923076923
"(2, 3, 10)",0.6941028167352534
"(2, 4, 1)",0.2222222222222222
"(2, 4, 2)",0.5
"(2, 4, 3)",0.6697490092470277
"(2, 4, 4)",0.6666666666666666
"(2, 4, 5)",0.6851851851851852
"(2, 4, 6)",0.6923076923076923
"(2, 4, 7)",0.695016003657979
"(2, 4, 8)",0.7222222222222222
"(2, 4, 9)",0.7407760518518414
"(2, 4, 10)",0.7407407407407407
"(2, 5, 1)",0.24074074074074073
"(2, 5, 2)",0.5
"(2, 5, 3)",0.675
"(2, 5, 4)",0.6851851851851852
"(2, 5, 5)",0.6666666666666666
"(2, 5, 6)",0.6920438957475995
"(2, 5, 7)",0.6996336996336996
"(2, 5, 8)",0.7222222222222222
"(2, 5, 9)",0.7416677956916407
"(2, 5, 10)",0.7419651056014692
"(2, 6, 1)",0.24966974900924702
"(2, 6, 2)",0.5
"(2, 6, 3)",0.6666666666666666
"(2, 6, 4)",0.6923076923076923
"(2, 6, 5)",0.6920438957475995
"(2, 6, 6)",0.6666666666666666
"(2, 6, 7)",0.6950285997934235
"(2, 6, 8)",0.7222222222222222
"(2, 6, 9)",0.743801652892562
"(2, 6, 10)",0.7490092470277411
"(2, 7, 1)",0.25
"(2, 7, 2)",0.5
"(2, 7, 3)",0.6761169109338371
"(2, 7, 4)",0.695016003657979
"(2, 7, 5)",0.6996336996336996
"(2, 7, 6)",0.6950285997934235
"(2, 7, 7)",0.6666666666666666
"(2, 7, 8)",0.7222222222222222
"(2, 7, 9)",0.7493138151875571
"(2, 7, 10)",0.7517146776406035
"(2, 8, 1)",0.25308641975308643
"(2, 8, 2)",0.5
"(2, 8, 3)",0.6851851851851852
"(2, 8, 4)",0.7222222222222222
"(2, 8, 5)",0.7222222222222222
"(2, 8, 6)",0.7222222222222222
"(2, 8, 7)",0.7222222222222222
"(2, 8, 8)",0.7777777777777778
"(2, 8, 9)",0.8333333333333334
"(2, 8, 10)",0.8333333333333334
"(2, 9, 1)",0.25515659521360023
"(2, 9, 2)",0.5
"(2, 9, 3)",0.6923076923076923
"(2, 9, 4)",0.7407760518518414
"(2, 9, 5)",0.7416677956916407
"(2, 9, 6)",0.743801652892562
"(2, 9, 7)",0.7493138151875571
"(2, 9, 8)",0.8333333333333334
"(2, 9, 9)",0.8888888888888888
"(2, 9, 10)",0.888901868841503
"(2, 10, 1)",0.2551440329218107
"(2, 10, 2)",0.5
"(2, 10, 3)",0.6941028167352534
"(2, 10, 4)",0.7407407407407407
"(2, 10, 5)",0.7419651056014692
"(2, 10, 6)",0.7490092470277411
"(2, 10, 7)",0.7517146776406035
"(2, 10, 8)",0.8333333333333334
"(2, 10, 9)",0.888901868841503
"(2, 10, 10)",0.8888888888888888
"(3, 1, 1)",0.0
"(3, 1, 2)",0.07692307692307693
"(3, 1, 3)",0.16666666666666666
"(3, 1, 4)",0.2222222222222222
"(3, 1, 5)",0.22324966974900926
"(3, 1, 6)",0.225
"(3, 1, 7)",0.2222222222222222
"(3, 1, 8)",0.22537230364461236
"(3, 1, 9)",0.22839506172839505
"(3, 1, 10)",0.23076923076923078
"(3, 2, 1)",0.07692307692307693
"(3, 2, 2)",0.0
"(3, 2, 3)",0.16666666666666666
"(3, 2, 4)",0.24702774108322326
"(3, 2, 5)",0.25
"(3, 2, 6)",0.2777777777777778
"(3, 2, 7)",0.29640935692240233
"(3, 2, 8)",0.2962962962962963
"(3, 2, 9)",0.2967032967032967
"(3, 2, 10)",0.29731658326729693
"(3, 3, 1)",0.16666666666666666
"(3, 3, 2)",0.16666666666666666
"(3, 3, 3)",0.3333333333333333
"(3, 3, 4)",0.5
"(3, 3, 5)",0.5
"(3, 3, 6)",0.5
"(3, 3, 7)",0.5
"(3, 3, 8)",0.5
"(3, 3, 9)",0.5
"(3, 3, 10)",0.5
"(3, 4, 1)",0.2222222222222222
"(3, 4, 2)",0.24702774108322326
"(3, 4, 3)",0.5
"(3, 4, 4)",0.6666666666666666
"(3, 4, 5)",0.6676842123016208
"(3, 4, 6)",0.668724279835391
"(3, 4, 7)",0.6666666666666666
"(3, 4, 8)",0.6703296703296703
"(3, 4, 9)",0.6750101612247663
"(3, 4, 10)",0.6758494031221304
"(3, 5, 1)",0.22324966974900926
"(3, 5, 2)",0.25
"(3, 5, 3)",0.5
"(3, 5, 4)",0.6676842123016208
"(3, 5, 5)",0.6666666666666666
"(3, 5, 6)",0.6703296703296703
"(3, 5, 7)",0.6758492494056725
"(3, 5, 8)",0.6776859504132231
"(3, 5, 9)",0.6776859504132231
"(3, 5, 10)",0.67612076852699
"(3, 6, 1)",0.225
"(3, 6, 2)",0.2777777777777778
"(3, 6, 3)",0.5
"(3, 6, 4)",0.668724279835391
"(3, 6, 5)",0.6703296703296703
"(3, 6, 6)",0.6666666666666666
"(3, 6, 7)",0.6758230592060697
"(3, 6, 8)",0.6914600550964187
"(3, 6, 9)",0.6923076923076923
"(3, 6, 10)",0.6942073170731707
"(3, 7, 1)",0.2222222222222222
"(3, 7, 2)",0.29640935692240233
"(3, 7, 3)",0.5
"(3, 7, 4)",0.6666666666666666
"(3, 7, 5)",0.6758492494056725
"(3, 7, 6)",0.6758230592060697
"(3, 7, 7)",0.6666666666666666
"(3, 7, 8)",0.6776859504132231
"(3, 7, 9)",0.6923780487804878
"(3, 7, 10)",0.6995884773662552
"(3, 8, 1)",0.22537230364461236
"(3, 8, 2)",0.2962962962962963
"(3, 8, 3)",0.5
"(3, 8, 4)",0.6703296703296703
"(3, 8, 5)",0.6776859504132231
"(3, 8, 6)",0.6914600550964187
"(3, 8, 7)",0.6776859504132231
"(3, 8, 8)",0.6666666666666666
"(3, 8, 9)",0.6851851851851852
"(3, 8, 10)",0.694511729887239
"(3, 9, 1)",0.22839506172839505
"(3, 9, 2)",0.2967032967032967
"(3, 9, 3)",0.5
"(3, 9, 4)",0.6750101612247663
"(3, 9, 5)",0.6776859504132231
"(3, 9, 6)",0.6923076923076923
"(3, 9, 7)",0.6923780487804878
"(3, 9, 8)",0.6851851851851852
"(3, 9, 9)",0.6666666666666666
"(3, 9, 10)",0.6925773997691806
"(3, 10, 1)",0.23076923076923078
"(3, 10, 2)",0.29731658326729693
"(3, 10, 3)",0.5
"(3, 10, 4)",0.6758494031221304
"(3, 10, 5)",0.67612076852699
"(3, 10, 6)",0.6942073170731707
"(3, 10, 7)",0.6995884773662552
"(3, 10, 8)",0.694511729887239
"(3, 10, 9)",0.6925773997691806
"(3, 10, 10)",0.6666666666666666
"(4, 1, 1)",0.0
"(4, 1, 2)",0.05555555555555555
"(4, 1, 3)",0.05555555555555555
"(4, 1, 4)",0.1111111111111111
"(4, 1, 5)",0.16666666666666666
"(4, 1, 6)",0.16666666666666666
"(4, 1, 7)",0.16666666666666666
"(4, 1, 8)",0.16666666666666666
"(4, 1, 9)",0.16666666666666666
"(4, 1, 10)",0.16666666666666666
"(4, 2, 1)",0.05555555555555555
"(4, 2, 2)",0.0
"(4, 2, 3)",0.083223249669749
"(4, 2, 4)",0.16666666666666666
"(4, 2, 5)",0.2222222222222222
"(4, 2, 6)",0.23076923076923078
"(4, 2, 7)",0.23068129858253314
"(4, 2, 8)",0.2222222222222222
"(4, 2, 9)",0.23167619993114114
"(4, 2, 10)",0.24074074074074073
"(4, 3, 1)",0.05555555555555555
"(4, 3, 2)",0.083223249669749
"(4, 3, 3)",0.0
"(4, 3, 4)",0.16666666666666666
"(4, 3, 5)",0.24726358929384581
"(4, 3, 6)",0.2551440329218107
"(4, 3, 7)",0.2777777777777778
"(4, 3, 8)",0.2967032967032967
"(4, 3, 9)",0.2975206611570248
"(4, 3, 10)",0.2990511172329354
"(4, 4, 1)",0.1111111111111111
"(4, 4, 2)",0.16666666666666666
"(4, 4, 3)",0.16666666666666666
"(4, 4, 4)",0.3333333333333333
"(4, 4, 5)",0.5
"(4, 4, 6)",0.5
"(4, 4, 7)",0.5
"(4, 4, 8)",0.5
"(4, 4, 9)",0.5
"(4, 4, 10)",0.5
"(4, 5, 1)",0.16666666666666666
"(4, 5, 2)",0.2222222222222222
"(4, 5, 3)",0.24726358929384581
"(4, 5, 4)",0.5
"(4, 5, 5)",0.6666666666666666
"(4, 5, 6)",0.6669844666665722
"(4, 5, 7)",0.6675937216175666
"(4, 5, 8)",0.6666666666666666
"(4, 5, 9)",0.6694214876033058
"(4, 5, 10)",0.6728395061728395
"(4, 6, 1)",0.16666666666666666
"(4, 6, 2)",0.23076923076923078
"(4, 6, 3)",0.2551440329218107
"(4, 6, 4)",0.5
"(4, 6, 5)",0.6669844666665722
"(4, 6, 6)",0.6666666666666666
"(4, 6, 7)",0.6694214876033058
"(4, 6, 8)",0.6697490092470277
"(4, 6, 9)",0.675
"(4, 6, 10)",0.675
"(4, 7, 1)",0.16666666666666666
"(4, 7, 2)",0.23068129858253314
"(4, 7, 3)",0.2777777777777778
"(4, 7, 4)",0.5
"(4, 7, 5)",0.6675937216175666
"(4, 7, 6)",0.6694214876033058
"(4, 7, 7)",0.6666666666666666
"(4, 7, 8)",0.6728395061728395
"(4, 7, 9)",0.6728395061728395
"(4, 7, 10)",0.6851851851851852
"(4, 8, 1)",0.16666666666666666
"(4, 8, 2)",0.2222222222222222
"(4, 8, 3)",0.2967032967032967
"(4, 8, 4)",0.5
"(4, 8, 5)",0.6666666666666666
"(4, 8, 6)",0.6697490092470277
"(4, 8, 7)",0.6728395061728395
"(4, 8, 8)",0.6666666666666666
"(4, 8, 9)",0.675
"(4, 8, 10)",0.6851851851851852
"(4, 9, 1)",0.16666666666666666
"(4, 9, 2)",0.23167619993114114
"(4, 9, 3)",0.2975206611570248
"(4, 9, 4)",0.5
"(4, 9, 5)",0.6694214876033058
"(4, 9, 6)",0.675
"(4, 9, 7)",0.6728395061728395
"(4, 9, 8)",0.675
"(4, 9, 9)",0.6666666666666666
"(4, 9, 10)",0.675308265640024
"(4, 10, 1)",0.16666666666666666
"(4, 10, 2)",0.24074074074074073
"(4, 10, 3)",0.2990511172329354
"(4, 10, 4)",0.5
"(4, 10, 5)",0.6728395061728395
"(4, 10, 6)",0.675
"(4, 10, 7)",0.6851851851851852
"(4, 10, 8)",0.6851851851851852
"(4, 10, 9)",0.675308265640024
"(4, 10, 10)",0.6666666666666666
"(5, 1, 1)",0.0
"(5, 1, 2)",0.018518518518518517
"(5, 1, 3)",0.02774108322324967
"(5, 1, 4)",0.0
"(5, 1, 5)",0.05555555555555555
"(5, 1, 6)",0.08242119643128194
"(5, 1, 7)",0.0850480109739369
"(5, 1, 8)",0.09259259259259259
"(5, 1, 9)",0.0989010989010989
"(5, 1, 10)",0.09917355371900827
"(5, 2, 1)",0.018518518518518517
"(5, 2, 2)",0.0
"(5, 2, 3)",0.075
"(5, 2, 4)",0.09259259259259259
"(5, 2, 5)",0.16666666666666666
"(5, 2, 6)",0.22290809327846364
"(5, 2, 7)",0.22344322344322345
"(5, 2, 8)",0.2222222222222222
"(5, 2, 9)",0.22527435306868987
"(5, 2, 10)",0.23048668503213957
"(5, 3, 1)",0.02774108322324967
"(5, 3, 2)",0.075
"(5, 3, 3)",0.0
"(5, 3, 4)",0.08505219840453342
"(5, 3, 5)",0.16666666666666666
"(5, 3, 6)",0.23076923076923078
"(5, 3, 7)",0.24692535061728046
"(5, 3, 8)",0.24722259856388024
"(5, 3, 9)",0.24793388429752067
"(5, 3, 10)",0.24977127172918573
"(5, 4, 1)",0.0
"(5, 4, 2)",0.09259259259259259
"(5, 4, 3)",0.08505219840453342
"(5, 4, 4)",0.0
"(5, 4, 5)",0.16666666666666666
"(5, 4, 6)",0.24792973395315754
"(5, 4, 7)",0.25528007346189163
"(5, 4, 8)",0.2777777777777778
"(5, 4, 9)",0.2975206611570248
"(5, 4, 10)",0.2962962962962963
"(5, 5, 1)",0.05555555555555555
"(5, 5, 2)",0.16666666666666666
"(5, 5, 3)",0.16666666666666666
"(5, 5, 4)",0.16666666666666666
"(5, 5, 5)",0.3333333333333333
"(5, 5, 6)",0.5
"(5, 5, 7)",0.5
"(5, 5, 8)",0.5
"(5, 5, 9)",0.5
"(5, 5, 10)",0.5
"(5, 6, 1)",0.08242119643128194
"(5, 6, 2)",0.22290809327846364
"(5, 6, 3)",0.23076923076923078
"(5, 6, 4)",0.24792973395315754
"(5, 6, 5)",0.5
"(5, 6, 6)",0.6666666666666666
"(5, 6, 7)",0.666971637694419
"(5, 6, 8)",0.6673525377229081
"(5, 6, 9)",0.6666666666666666
"(5, 6, 10)",0.6676833352906385
"(5, 7, 1)",0.0850480109739369
"(5, 7, 2)",0.22344322344322345
"(5, 7, 3)",0.24692535061728046
"(5, 7, 4)",0.25528007346189163
"(5, 7, 5)",0.5
"(5, 7, 6)",0.666971637694419
"(5, 7, 7)",0.6666666666666666
"(5, 7, 8)",0.6673525377229081
"(5, 7, 9)",0.6694143347131302
"(5, 7, 10)",0.6698209198209198
"(5, 8, 1)",0.09259259259259259
"(5, 8, 2)",0.2222222222222222
"(5, 8, 3)",0.24722259856388024
"(5, 8, 4)",0.2777777777777778
"(5, 8, 5)",0.5
"(5, 8, 6)",0.6673525377229081
"(5, 8, 7)",0.6673525377229081
"(5, 8, 8)",0.6666666666666666
"(5, 8, 9)",0.6695121951219513
"(5, 8, 10)",0.668724279835391
"(5, 9, 1)",0.0989010989010989
"(5, 9, 2)",0.22527435306868987
"(5, 9, 3)",0.24793388429752067
"(5, 9, 4)",0.2975206611570248
"(5, 9, 5)",0.5
"(5, 9, 6)",0.6666666666666666
"(5, 9, 7)",0.6694143347131302
"(5, 9, 8)",0.6695121951219513
"(5, 9, 9)",0.6666666666666666
"(5, 9, 10)",0.6748973104196623
"(5, 10, 1)",0.09917355371900827
"(5, 10, 2)",0.23048668503213957
"(5, 10, 3)",0.24977127172918573
"(5, 10, 4)",0.2962962962962963
"(5, 10, 5)",0.5
"(5, 10, 6)",0.6676833352906385
"(5, 10, 7)",0.6698209198209198
"(5, 10, 8)",0.668724279835391
"(5, 10, 9)",0.6748973104196623
"(5, 10, 10)",0.6666666666666666
"(6, 1, 1)",0.0
"(6, 1, 2)",0.009247027741083224
"(6, 1, 3)",0.025
"(6, 1, 4)",0.0
"(6, 1, 5)",0.02835073280151114
"(6, 1, 6)",0.05555555555555555
"(6, 1, 7)",0.07692307692307693
"(6, 1, 8)",0.08230845020576015
"(6, 1, 9)",0.08240753285462675
"(6, 1, 10)",0.08264462809917356
"(6, 2, 1)",0.009247027741083224
"(6, 2, 2)",0.0
"(6, 2, 3)",0.05555555555555555
"(6, 2, 4)",0.07692307692307693
"(6, 2, 5)",0.0850480109739369
"(6, 2, 6)",0.16666666666666666
"(6, 2, 7)",0.22232815555552407
"(6, 2, 8)",0.2222222222222222
"(6, 2, 9)",0.2231404958677686
"(6, 2, 10)",0.22324966974900926
"(6, 3, 1)",0.025
"(6, 3, 2)",0.05555555555555555
"(6, 3, 3)",0.0
"(6, 3, 4)",0.07613168724279835
"(6, 3, 5)",0.0989010989010989
"(6, 3, 6)",0.16666666666666666
"(6, 3, 7)",0.2250033870749221
"(6, 3, 8)",0.22589531680440772
"(6, 3, 9)",0.23076923076923078
"(6, 3, 10)",0.23079268292682928
"(6, 4, 1)",0.0
"(6, 4, 2)",0.07692307692307693
"(6, 4, 3)",0.07613168724279835
"(6, 4, 4)",0.0
"(6, 4, 5)",0.08508579938027026
"(6, 4, 6)",0.16666666666666666
"(6, 4, 7)",0.23140495867768596
"(6, 4, 8)",0.24702774108322326
"(6, 4, 9)",0.24786585365853658
"(6, 4, 10)",0.25
"(6, 5, 1)",0.02835073280151114
"(6, 5, 2)",0.0850480109739369
"(6, 5, 3)",0.0989010989010989
"(6, 5, 4)",0.08508579938027026
"(6, 5, 5)",0.0
"(6, 5, 6)",0.16666666666666666
"(6, 5, 7)",0.24794144556267156
"(6, 5, 8)",0.2551440329218107
"(6, 5, 9)",0.2777777777777778
"(6, 5, 10)",0.2990510877971734
"(6, 6, 1)",0.05555555555555555
"(6, 6, 2)",0.16666666666666666
"(6, 6, 3)",0.16666666666666666
"(6, 6, 4)",0.16666666666666666
"(6, 6, 5)",0.16666666666666666
"(6, 6, 6)",0.3333333333333333
"(6, 6, 7)",0.5
"(6, 6, 8)",0.5
"(6, 6, 9)",0.5
"(6, 6, 10)",0.5
"(6, 7, 1)",0.07692307692307693
"(6, 7, 2)",0.22232815555552407
"(6, 7, 3)",0.2250033870749221
"(6, 7, 4)",0.23140495867768596
"(6, 7, 5)",0.24794144556267156
"(6, 7, 6)",0.5
"(6, 7, 7)",0.6666666666666666
"(6, 7, 8)",0.666705606524509
"(6, 7, 9)",0.6667732951979527
"(6, 7, 10)",0.6666666666666666
"(6, 8, 1)",0.08230845020576015
"(6, 8, 2)",0.2222222222222222
"(6, 8, 3)",0.22589531680440772
"(6, 8, 4)",0.24702774108322326
"(6, 8, 5)",0.2551440329218107
"(6, 8, 6)",0.5
"(6, 8, 7)",0.666705606524509
"(6, 8, 8)",0.6666666666666666
"(6, 8, 9)",0.6668952903520805
"(6, 8, 10)",0.6676842123016208
"(6, 9, 1)",0.08240753285462675
"(6, 9, 2)",0.2231404958677686
"(6, 9, 3)",0.23076923076923078
"(6, 9, 4)",0.24786585365853658
"(6, 9, 5)",0.2777777777777778
"(6, 9, 6)",0.5
"(6, 9, 7)",0.6667732951979527
"(6, 9, 8)",0.6668952903520805
"(6, 9, 9)",0.6666666666666666
"(6, 9, 10)",0.6678865507776761
"(6, 10, 1)",0.08264462809917356
"(6, 10, 2)",0.22324966974900926
"(6, 10, 3)",0.23079268292682928
"(6, 10, 4)",0.25
"(6, 10, 5)",0.2990510877971734
"(6, 10, 6)",0.5
"(6, 10, 7)",0.6666666666666666
"(6, 10, 8)",0.6676842123016208
"(6, 10, 9)",0.6678865507776761
"(6, 10, 10)",0.6666666666666666
"(7, 1, 1)",0.0
"(7, 1, 2)",0.008333333333333333
"(7, 1, 3)",0.018518518518518517
"(7, 1, 4)",0.0
"(7, 1, 5)",0.025377229080932786
"(7, 1, 6)",0.03296703296703297
"(7, 1, 7)",0.05555555555555555
"(7, 1, 8)",0.07500112902497404
"(7, 1, 9)",0.07529843893480258
"(7, 1, 10)",0.07692307692307693
"(7, 2, 1)",0.008333333333333333
"(7, 2, 2)",0.0
"(7, 2, 3)",0.027473732143760646
"(7, 2, 4)",0.07430269775948788
"(7, 2, 5)",0.07692307692307693
"(7, 2, 6)",0.08264324465105251
"(7, 2, 7)",0.16666666666666666
"(7, 2, 8)",0.2222222222222222
"(7, 2, 9)",0.222323879231473
"(7, 2, 10)",0.22245084590763603
"(7, 3, 1)",0.018518518518518517
"(7, 3, 2)",0.027473732143760646
"(7, 3, 3)",0.0
"(7, 3, 4)",0.05555555555555555
"(7, 3, 5)",0.07722539997704704
"(7, 3, 6)",0.09917355371900827
"(7, 3, 7)",0.16666666666666666
"(7, 3, 8)",0.2231404958677686
"(7, 3, 9)",0.225
"(7, 3, 10)",0.2242798353909465
"(7, 4, 1)",0.0
"(7, 4, 2)",0.07430269775948788
"(7, 4, 3)",0.05555555555555555
"(7, 4, 4)",0.0
"(7, 4, 5)",0.07712620492054173
"(7, 4, 6)",0.09917355371900827
"(7, 4, 7)",0.16666666666666666
"(7, 4, 8)",0.22839506172839505
"(7, 4, 9)",0.22839506172839505
"(7, 4, 10)",0.24074074074074073
"(7, 5, 1)",0.025377229080932786
"(7, 5, 2)",0.07692307692307693
"(7, 5, 3)",0.07722539997704704
"(7, 5, 4)",0.07712620492054173
"(7, 5, 5)",0.0
"(7, 5, 6)",0.08508691674290943
"(7, 5, 7)",0.16666666666666666
"(7, 5, 8)",0.23319615912208505
"(7, 5, 9)",0.24705047562515303
"(7, 5, 10)",0.24787323702848818
"(7, 6, 1)",0.03296703296703297
"(7, 6, 2)",0.08264324465105251
"(7, 6, 3)",0.09917355371900827
"(7, 6, 4)",0.09917355371900827
"(7, 6, 5)",0.08508691674290943
"(7, 6, 6)",0.0
"(7, 6, 7)",0.16666666666666666
"(7, 6, 8)",0.24813292437426818
"(7, 6, 9)",0.2554945054945055
"(7, 6, 10)",0.2777777777777778
"(7, 7, 1)",0.05555555555555555
"(7, 7, 2)",0.16666666666666666
"(7, 7, 3)",0.16666666666666666
"(7, 7, 4)",0.16666666666666666
"(7, 7, 5)",0.16666666666666666
"(7, 7, 6)",0.16666666666666666
"(7, 7, 7)",0.3333333333333333
"(7, 7, 8)",0.5
"(7, 7, 9)",0.5
"(7, 7, 10)",0.5
"(7, 8, 1)",0.07500112902497404
"(7, 8, 2)",0.2222222222222222
"(7, 8, 3)",0.2231404958677686
"(7, 8, 4)",0.22839506172839505
"(7, 8, 5)",0.23319615912208505
"(7, 8, 6)",0.24813292437426818
"(7, 8, 7)",0.5
"(7, 8, 8)",0.6666666666666666
"(7, 8, 9)",0.6666821439926421
"(7, 8, 10)",0.6667118337850045
"(7, 9, 1)",0.07529843893480258
"(7, 9, 2)",0.222323879231473
"(7, 9, 3)",0.225
"(7, 9, 4)",0.22839506172839505
"(7, 9, 5)",0.24705047562515303
"(7, 9, 6)",0.2554945054945055
"(7, 9, 7)",0.5
"(7, 9, 8)",0.6666821439926421
"(7, 9, 9)",0.6666666666666666
"(7, 9, 10)",0.6667801402965845
"(7, 10, 1)",0.07692307692307693
"(7, 10, 2)",0.22245084590763603
"(7, 10, 3)",0.2242798353909465
"(7, 10, 4)",0.24074074074074073
"(7, 10, 5)",0.24787323702848818
"(7, 10, 6)",0.2777777777777778
"(7, 10, 7)",0.5
"(7, 10, 8)",0.6667118337850045
"(7, 10, 9)",0.6667801402965845
"(7, 10, 10)",0.6666666666666666
"(8, 1, 1)",0.0
"(8, 1, 2)",0.006172839506172839
"(8, 1, 3)",0.009157910714586883
"(8, 1, 4)",0.0
"(8, 1, 5)",0.018518518518518517
"(8, 1, 6)",0.025741799992349015
"(8, 1, 7)",0.03305785123966942
"(8, 1, 8)",0.05555555555555555
"(8, 1, 9)",0.0743801652892562
"(8, 1, 10)",0.075
"(8, 2, 1)",0.006172839506172839
"(8, 2, 2)",0.0
"(8, 2, 3)",0.018518518518518517
"(8, 2, 4)",0.05555555555555555
"(8, 2, 5)",0.05555555555555555
"(8, 2, 6)",0.05555555555555555
"(8, 2, 7)",0.05555555555555555
"(8, 2, 8)",0.1111111111111111
"(8, 2, 9)",0.16666666666666666
"(8, 2, 10)",0.16666666666666666
"(8, 3, 1)",0.009157910714586883
"(8, 3, 2)",0.018518518518518517
"(8, 3, 3)",0.0
"(8, 3, 4)",0.03296703296703297
"(8, 3, 5)",0.07509145102289663
"(8, 3, 6)",0.08264462809917356
"(8, 3, 7)",0.09917355371900827
"(8, 3, 8)",0.16666666666666666
"(8, 3, 9)",0.2222222222222222
"(8, 3, 10)",0.2231381115710434
"(8, 4, 1)",0.0
"(8, 4, 2)",0.05555555555555555
"(8, 4, 3)",0.03296703296703297
"(8, 4, 4)",0.0
"(8, 4, 5)",0.05555555555555555
"(8, 4, 6)",0.083223249669749
"(8, 4, 7)",0.09876543209876543
"(8, 4, 8)",0.16666666666666666
"(8, 4, 9)",0.225
"(8, 4, 10)",0.2222222222222222
"(8, 5, 1)",0.018518518518518517
"(8, 5, 2)",0.05555555555555555
"(8, 5, 3)",0.07509145102289663
"(8, 5, 4)",0.05555555555555555
"(8, 5, 5)",0.0
"(8, 5, 6)",0.0775034293552812
"(8, 5, 7)",0.09945130315500686
"(8, 5, 8)",0.16666666666666666
"(8, 5, 9)",0.2304878048780488
"(8, 5, 10)",0.23251028806584362
"(8, 6, 1)",0.025741799992349015
"(8, 6, 2)",0.05555555555555555
"(8, 6, 3)",0.08264462809917356
"(8, 6, 4)",0.083223249669749
"(8, 6, 5)",0.0775034293552812
"(8, 6, 6)",0.0
"(8, 6, 7)",0.0851614691012228
"(8, 6, 8)",0.16666666666666666
"(8, 6, 9)",0.23319615912208505
"(8, 6, 10)",0.24726358929384581
"(8, 7, 1)",0.03305785123966942
"(8, 7, 2)",0.05555555555555555
"(8, 7, 3)",0.09917355371900827
"(8, 7, 4)",0.09876543209876543
"(8, 7, 5)",0.09945130315500686
"(8, 7, 6)",0.0851614691012228
"(8, 7, 7)",0.0
"(8, 7, 8)",0.16666666666666666
"(8, 7, 9)",0.2481330943925964
"(8, 7, 10)",0.25555555555555554
"(8, 8, 1)",0.05555555555555555
"(8, 8, 2)",0.1111111111111111
"(8, 8, 3)",0.16666666666666666
"(8, 8, 4)",0.16666666666666666
"(8, 8, 5)",0.16666666666666666
"(8, 8, 6)",0.16666666666666666
"(8, 8, 7)",0.16666666666666666
"(8, 8, 8)",0.3333333333333333
"(8, 8, 9)",0.5
"(8, 8, 10)",0.5
"(8, 9, 1)",0.0743801652892562
"(8, 9, 2)",0.16666666666666666
"(8, 9, 3)",0.2222222222222222
"(8, 9, 4)",0.225
"(8, 9, 5)",0.2304878048780488
"(8, 9, 6)",0.23319615912208505
"(8, 9, 7)",0.2481330943925964
"(8, 9, 8)",0.5
"(8, 9, 9)",0.6666666666666666
"(8, 9, 10)",0.6666785148329156
"(8, 10, 1)",0.075
"(8, 10, 2)",0.16666666666666666
"(8, 10, 3)",0.2231381115710434
"(8, 10, 4)",0.2222222222222222
"(8, 10, 5)",0.23251028806584362
"(8, 10, 6)",0.24726358929384581
"(8, 10, 7)",0.25555555555555554
"(8, 10, 8)",0.5
"(8, 10, 9)",0.6666785148329156
"(8, 10, 10)",0.6666666666666666
"(9, 1, 1)",0.0
"(9, 1, 2)",0.003052636904862294
"(9, 1, 3)",0.006172839506172839
"(9, 1, 4)",0.0
"(9, 1, 5)",0.01098901098901099
"(9, 1, 6)",0.025030483674298876
"(9, 1, 7)",0.027548209366391185
"(9, 1, 8)",0.03305785123966942
"(9, 1, 9)",0.05555555555555555
"(9, 1, 10)",0.07407407407407407
"(9, 2, 1)",0.003052636904862294
"(9, 2, 2)",0.0
"(9, 2, 3)",0.01098901098901099
"(9, 2, 4)",0.027547748217017505
"(9, 2, 5)",0.03305785123966942
"(9, 2, 6)",0.03305785123966942
"(9, 2, 7)",0.028362305580969808
"(9, 2, 8)",0.0
"(9, 2, 9)",0.05555555555555555
"(9, 2, 10)",0.08271097479142273
"(9, 3, 1)",0.006172839506172839
"(9, 3, 2)",0.01098901098901099
"(9, 3, 3)",0.0
"(9, 3, 4)",0.027469177618208915
"(9, 3, 5)",0.0743801652892562
"(9, 3, 6)",0.07692307692307693
"(9, 3, 7)",0.0826219512195122
"(9, 3, 8)",0.09259259259259259
"(9, 3, 9)",0.16666666666666666
"(9, 3, 10)",0.22225776506598424
"(9, 4, 1)",0.0
"(9, 4, 2)",0.027547748217017505
"(9, 4, 3)",0.027469177618208915
"(9, 4, 4)",0.0
"(9, 4, 5)",0.03305785123966942
"(9, 4, 6)",0.07713414634146341
"(9, 4, 7)",0.09876543209876543
"(9, 4, 8)",0.1
"(9, 4, 9)",0.16666666666666666
"(9, 4, 10)",0.22318187719803328
"(9, 5, 1)",0.01098901098901099
"(9, 5, 2)",0.03305785123966942
"(9, 5, 3)",0.0743801652892562
"(9, 5, 4)",0.03305785123966942
"(9, 5, 5)",0.0
"(9, 5, 6)",0.05555555555555555
"(9, 5, 7)",0.08353518966171676
"(9, 5, 8)",0.1
"(9, 5, 9)",0.16666666666666666
"(9, 5, 10)",0.22528559375793328
"(9, 6, 1)",0.025030483674298876
"(9, 6, 2)",0.03305785123966942
"(9, 6, 3)",0.07692307692307693
"(9, 6, 4)",0.07713414634146341
"(9, 6, 5)",0.05555555555555555
"(9, 6, 6)",0.0
"(9, 6, 7)",0.07773219930754177
"(9, 6, 8)",0.09990855052583447
"(9, 6, 9)",0.16666666666666666
"(9, 6, 10)",0.23055809698078683
"(9, 7, 1)",0.027548209366391185
"(9, 7, 2)",0.028362305580969808
"(9, 7, 3)",0.0826219512195122
"(9, 7, 4)",0.09876543209876543
"(9, 7, 5)",0.08353518966171676
"(9, 7, 6)",0.07773219930754177
"(9, 7, 7)",0.0
"(9, 7, 8)",0.0851847616147614
"(9, 7, 9)",0.16666666666666666
"(9, 7, 10)",0.23320117922130731
"(9, 8, 1)",0.03305785123966942
"(9, 8, 2)",0.0
"(9, 8, 3)",0.09259259259259259
"(9, 8, 4)",0.1
"(9, 8, 5)",0.1
"(9, 8, 6)",0.09990855052583447
"(9, 8, 7)",0.0851847616147614
"(9, 8, 8)",0.0
"(9, 8, 9)",0.16666666666666666
"(9, 8, 10)",0.2481341765802964
"(9, 9, 1)",0.05555555555555555
"(9, 9, 2)",0.05555555555555555
"(9, 9, 3)",0.16666666666666666
"(9, 9, 4)",0.16666666666666666
"(9, 9, 5)",0.16666666666666666
"(9, 9, 6)",0.16666666666666666
"(9, 9, 7)",0.16666666666666666
"(9, 9, 8)",0.16666666666666666
"(9, 9, 9)",0.3333333333333333
"(9, 9, 10)",0.5
"(9, 10, 1)",0.07407407407407407
"(9, 10, 2)",0.08271097479142273
"(9, 10, 3)",0.22225776506598424
"(9, 10, 4)",0.22318187719803328
"(9, 10, 5)",0.22528559375793328
"(9, 10, 6)",0.23055809698078683
"(9, 10, 7)",0.23320117922130731
"(9, 10, 8)",0.2481341765802964
"(9, 10, 9)",0.5
"(9, 10, 10)",0.6666666666666666
"(10, 1, 1)",0.0
"(10, 1, 2)",0.00205761316872428
"(10, 1, 3)",0.003663003663003663
"(10, 1, 4)",0.0
"(10, 1, 5)",0.009156392539402971
"(10, 1, 6)",0.024793388429752067
"(10, 1, 7)",0.02564102564102564
"(10, 1, 8)",0.027540650406504066
"(10, 1, 9)",0.030864197530864196
"(10, 1, 10)",0.05555555555555555
"(10, 2, 1)",0.00205761316872428
"(10, 2, 2)",0.0
"(10, 2, 3)",0.008580599997449671
"(10, 2, 4)",0.018518518518518517
"(10, 2, 5)",0.027548209366391185
"(10, 2, 6)",0.02774108322324967
"(10, 2, 7)",0.025834476451760402
"(10, 2, 8)",0.0
"(10, 2, 9)",0.028387156367074267
"(10, 2, 10)",0.05555555555555555
"(10, 3, 1)",0.003663003663003663
"(10, 3, 2)",0.008580599997449671
"(10, 3, 3)",0.0
"(10, 3, 4)",0.02509947964493419
"(10, 3, 5)",0.07410795974382434
"(10, 3, 6)",0.075
"(10, 3, 7)",0.07613168724279835
"(10, 3, 8)",0.08235015854171768
"(10, 3, 9)",0.08516483516483517
"(10, 3, 10)",0.16666666666666666
"(10, 4, 1)",0.0
"(10, 4, 2)",0.018518518518518517
"(10, 4, 3)",0.02509947964493419
"(10, 4, 4)",0.0
"(10, 4, 5)",0.030864197530864196
"(10, 4, 6)",0.075
"(10, 4, 7)",0.07407407407407407
"(10, 4, 8)",0.09259259259259259
"(10, 4, 9)",0.10150985716194272
"(10, 4, 10)",0.16666666666666666
"(10, 5, 1)",0.009156392539402971
"(10, 5, 2)",0.027548209366391185
"(10, 5, 3)",0.07410795974382434
"(10, 5, 4)",0.030864197530864196
"(10, 5, 5)",0.0
"(10, 5, 6)",0.033265576912188136
"(10, 5, 7)",0.08230584315059201
"(10, 5, 8)",0.09876543209876543
"(10, 5, 9)",0.09981709582240446
"(10, 5, 10)",0.16666666666666666
"(10, 6, 1)",0.024793388429752067
"(10, 6, 2)",0.02774108322324967
"(10, 6, 3)",0.075
"(10, 6, 4)",0.075
"(10, 6, 5)",0.033265576912188136
"(10, 6, 6)",0.0
"(10, 6, 7)",0.05555555555555555
"(10, 6, 8)",0.08505219840453342
"(10, 6, 9)",0.10155535224153706
"(10, 6, 10)",0.16666666666666666
"(10, 7, 1)",0.02564102564102564
"(10, 7, 2)",0.025834476451760402
"(10, 7, 3)",0.07613168724279835
"(10, 7, 4)",0.07407407407407407
"(10, 7, 5)",0.08230584315059201
"(10, 7, 6)",0.05555555555555555
"(10, 7, 7)",0.0
"(10, 7, 8)",0.07773261065943993
"(10, 7, 9)",0.10001868048210821
"(10, 7, 10)",0.16666666666666666
"(10, 8, 1)",0.027540650406504066
"(10, 8, 2)",0.0
"(10, 8, 3)",0.08235015854171768
"(10, 8, 4)",0.09259259259259259
"(10, 8, 5)",0.09876543209876543
"(10, 8, 6)",0.08505219840453342
"(10, 8, 7)",0.07773261065943993
"(10, 8, 8)",0.0
"(10, 8, 9)",0.08518730858678802
"(10, 8, 10)",0.16666666666666666
"(10, 9, 1)",0.030864197530864196
"(10, 9, 2)",0.028387156367074267
"(10, 9, 3)",0.08516483516483517
"(10, 9, 4)",0.10150985716194272
"(10, 9, 5)",0.09981709582240446
"(10, 9, 6)",0.10155535224153706
"(10, 9, 7)",0.10001868048210821
"(10, 9, 8)",0.08518730858678802
"(10, 9, 9)",0.0
"(10, 9, 10)",0.16666666666666666
"(10, 10, 1)",0.05555555555555555
"(10, 10, 2)",0.05555555555555555
"(10, 10, 3)",0.16666666666666666
"(10, 10, 4)",0.16666666666666666
"(10, 10, 5)",0.16666666666666666
"(10, 10, 6)",0.16666666666666666
"(10, 10, 7)",0.16666666666666666
"(10, 10, 8)",0.16666666666666666
"(10, 10, 9)",0.16666666666666666
"(10, 10, 10)",0.3333333333333333
"(11, 11, 11)",0.3333333333333333
"(11, 11, 12)",0.5
"(11, 11, 13)",0.5
"(11, 11, 14)",0.5
"(11, 11, 15)",0.5
"(11, 12, 11)",0.5
"(11, 12, 12)",0.6666666666666666
"(11, 12, 13)",0.6666705696036807
"(11, 12, 14)",0.6666751342105709
"(11, 12, 15)",0.6666666666666666
"(11, 13, 11)",0.5
"(11, 13, 12)",0.6666705696036807
"(11, 13, 13)",0.6666666666666666
"(11, 13, 14)",0.666682975357568
"(11, 13, 15)",0.666780126572688
"(11, 14, 11)",0.5
"(11, 14, 12)",0.6666751342105709
"(11, 14, 13)",0.666682975357568
"(11, 14, 14)",0.6666666666666666
"(11, 14, 15)",0.6667119722192748
"(11, 15, 11)",0.5
"(11, 15, 12)",0.6666666666666666
"(11, 15, 13)",0.666780126572688
"(11, 15, 14)",0.6667119722192748
"(11, 15, 15)",0.6666666666666666
"(12, 11, 11)",0.0
"(12, 11, 12)",0.16666666666666666
"(12, 11, 13)",0.24813464343499914
"(12, 11, 14)",0.25558434520482987
"(12, 11, 15)",0.2777777777777778
"(12, 12, 11)",0.16666666666666666
"(12, 12, 12)",0.3333333333333333
"(12, 12, 13)",0.5
"(12, 12, 14)",0.5
"(12, 12, 15)",0.5
"(12, 13, 11)",0.24813464343499914
"(12, 13, 12)",0.5
"(12, 13, 13)",0.6666666666666666
"(12, 13, 14)",0.6666683567519788
"(12, 13, 15)",0.6666716896611413
"(12, 14, 11)",0.25558434520482987
"(12, 14, 12)",0.5
"(12, 14, 13)",0.6666683567519788
"(12, 14, 14)",0.6666666666666666
"(12, 14, 15)",0.6666796775721663
"(12, 15, 11)",0.2777777777777778
"(12, 15, 12)",0.5
"(12, 15, 13)",0.6666716896611413
"(12, 15, 14)",0.6666796775721663
"(12, 15, 15)",0.6666666666666666
"(13, 11, 11)",0.0
"(13, 11, 12)",0.08519478696132024
"(13, 11, 13)",0.16666666666666666
"(13, 11, 14)",0.23323058858065462
"(13, 11, 15)",0.24813290734190763
"(13, 12, 11)",0.08519478696132024
"(13, 12, 12)",0.0
"(13, 12, 13)",0.16666666666666666
"(13, 12, 14)",0.24813681446880792
"(13, 12, 15)",0.25558448650352356
"(13, 13, 11)",0.16666666666666666
"(13, 13, 12)",0.16666666666666666
"(13, 13, 13)",0.3333333333333333
"(13, 13, 14)",0.5
"(13, 13, 15)",0.5
"(13, 14, 11)",0.23323058858065462
"(13, 14, 12)",0.24813681446880792
"(13, 14, 13)",0.5
"(13, 14, 14)",0.6666666666666666
"(13, 14, 15)",0.6666680657280496
"(13, 15, 11)",0.24813290734190763
"(13, 15, 12)",0.25558448650352356
"(13, 15, 13)",0.5
"(13, 15, 14)",0.6666680657280496
"(13, 15, 15)",0.6666666666666666
"(14, 11, 11)",0.0
"(14, 11, 12)",0.07774052058459924
"(14, 11, 13)",0.10008643606177732
"(14, 11, 14)",0.16666666666666666
"(14, 11, 15)",0.23136723165105205
"(14, 12, 11)",0.07774052058459924
"(14, 12, 12)",0.0
"(14, 12, 13)",0.0851948287792133
"(14, 12, 14)",0.16666666666666666
"(14, 12, 15)",0.23323379342320916
"(14, 13, 11)",0.10008643606177732
"(14, 13, 12)",0.0851948287792133
"(14, 13, 13)",0.0
"(14, 13, 14)",0.16666666666666666
"(14, 13, 15)",0.24813708979542717
"(14, 14, 11)",0.16666666666666666
"(14, 14, 12)",0.16666666666666666
"(14, 14, 13)",0.16666666666666666
"(14, 14, 14)",0.3333333333333333
"(14, 14, 15)",0.5
"(14, 15, 11)",0.23136723165105205
"(14, 15, 12)",0.23323379342320916
"(14, 15, 13)",0.24813708979542717
"(14, 15, 14)",0.5
"(14, 15, 15)",0.6666666666666666
"(15, 11, 11)",0.0
"(15, 11, 12)",0.05555555555555555
"(15, 11, 13)",0.08508696608540431
"(15, 11, 14)",0.10192079612967313
"(15, 11, 15)",0.16666666666666666
"(15, 12, 11)",0.05555555555555555
"(15, 12, 12)",0.0
"(15, 12, 13)",0.0777438238353351
"(15, 12, 14)",0.10008652900462457
"(15, 12, 15)",0.16666666666666666
"(15, 13, 11)",0.08508696608540431
"(15, 13, 12)",0.0777438238353351
"(15, 13, 13)",0.0
"(15, 13, 14)",0.08519484447652319
"(15, 13, 15)",0.16666666666666666
"(15, 14, 11)",0.10192079612967313
"(15, 14, 12)",0.10008652900462457
"(15, 14, 13)",0.08519484447652319
"(15, 14, 14)",0.0
"(15, 14, 15)",0.16666666666666666
"(15, 15, 11)",0.16666666666666666
"(15, 15, 12)",0.16666666666666666
"(15, 15, 13)",0.16666666666666666
"(15, 15, 14)",0.16666666666666666
"(15, 15, 15)",0.3333333333333333
