"(10, 19, 48)",0.5333426632228018
"(11, 19, 48)",0.5334260883826906
"(11, 21, 53)",0.5334548685835285
"(12, 21, 53)",0.5340626283748265
"(11, 32, 42)",0.5299467192997049
"(12, 32, 42)",0.5301153617677242
"(12, 22, 56)",0.532734806781722
"(13, 22, 56)",0.5328628830327213
"(12, 23, 58)",0.5335330764863161
"(13, 23, 58)",0.5343093271797525
"(12, 35, 46)",0.5299937351500015
"(13, 35, 46)",0.5303291922468697
"(13, 24, 61)",0.532844623278078
"(14, 24, 61)",0.5334281050874531
"(13, 25, 63)",0.5335740856592848
"(14, 25, 63)",0.534598505539718
"(13, 38, 50)",0.5300535494230575
"(14, 38, 50)",0.5306453312687435
"(14, 26, 66)",0.532976559038264
"(15, 26, 66)",0.5335384252806683
"(14, 27, 68)",0.5336038259570041
"(15, 27, 68)",0.5347937376379311
"(14, 40, 52)",0.5294060634902246
"(15, 40, 52)",0.5298390830172897
"(14, 41, 54)",0.5300859465232839
"(15, 41, 54)",0.530814252978444
"(15, 27, 69)",0.5323471322790065
"(16, 27, 69)",0.5327214805171471
"(15, 28, 71)",0.5330636314503749
"(16, 28, 71)",0.533984832978568
"(15, 29, 73)",0.5336260136575318
"(16, 29, 73)",0.5349109988994238
"(15, 43, 56)",0.5295344851774494
"(16, 43, 56)",0.5300165256608894
"(15, 44, 58)",0.5301059314171186
"(16, 44, 58)",0.5309755142180325
"(16, 29, 74)",0.5324865172144486
"(17, 29, 74)",0.5332717628242919
"(16, 30, 76)",0.5331293350131605
"(17, 30, 76)",0.5341834675713876
"(16, 31, 78)",0.5336384909534596
"(17, 31, 78)",0.535032026741298
"(16, 44, 56)",0.5279422800090446
"(17, 44, 56)",0.5279972266134371
"(16, 45, 58)",0.528895160602941
"(17, 45, 58)",0.529004914693246
"(16, 46, 60)",0.5296194711867167
"(17, 46, 60)",0.5301804342251579
"(16, 47, 62)",0.5301263625686753
"(17, 47, 62)",0.5311378673662993
"(17, 27, 71)",0.5254981980685945
"(18, 27, 71)",0.525620501017532
"(17, 28, 73)",0.5270411065910542
"(18, 28, 73)",0.5271004988262395
"(17, 31, 79)",0.5326072076759126
"(18, 31, 79)",0.5335270635741508
"(17, 32, 81)",0.5332080138741222
"(18, 32, 81)",0.5344121912790228
"(17, 33, 83)",0.5336649245359243
"(18, 33, 83)",0.5351589143653502
"(17, 45, 56)",0.5254786841463105
"(18, 45, 56)",0.5255722330999105
"(17, 47, 60)",0.5281888889502253
"(18, 47, 60)",0.5284828625145415
"(17, 48, 62)",0.5290045013080626
"(18, 48, 62)",0.5294526933438758
"(17, 49, 64)",0.5297020995866109
"(18, 49, 64)",0.5304295920255223
"(17, 50, 66)",0.5301457096165415
"(18, 50, 66)",0.5312826982045813
"(18, 20, 58)",0.507459734940809
"(19, 20, 58)",0.5076781471384154
"(18, 32, 82)",0.5320769507714677
"(19, 32, 82)",0.5327246501234508
"(18, 33, 84)",0.532734806781722
"(19, 33, 84)",0.5335489429772609
"(18, 34, 86)",0.5332648124986303
"(19, 34, 86)",0.5345634156030413
"(18, 35, 88)",0.5332648124986303
"(19, 35, 88)",0.5345634156030413
"(18, 35, 88)",0.5336774231025768
"(19, 35, 88)",0.5352474487551285
"(18, 49, 62)",0.5275611133318746
"(19, 49, 62)",0.5276180045711384
"(18, 50, 64)",0.5283310671431137
"(19, 50, 64)",0.5286847294258857
"(18, 51, 66)",0.5291914126048504
"(19, 51, 66)",0.5297825286100862
"(18, 52, 68)",0.5297452627295723
"(19, 52, 68)",0.5306652213518778
"(18, 53, 70)",0.5301644175851234
"(19, 53, 70)",0.5313713045275716
"(19, 21, 61)",0.5071897385638733
"(20, 21, 61)",0.5076286148715269
"(19, 25, 69)",0.5152868965181209
"(20, 25, 69)",0.5153174925739468
"(19, 27, 73)",0.5190545163734798
"(20, 27, 73)",0.5192819478895984
"(19, 30, 79)",0.5253563906797422
"(20, 30, 79)",0.5256413150728311
"(19, 31, 81)",0.5267662546256053
"(20, 31, 81)",0.5269785425096903
"(19, 34, 87)",0.5322151380452488
"(20, 34, 87)",0.533202662182768
"(19, 35, 89)",0.5327986973298464
"(20, 35, 89)",0.5339236251928817
"(19, 36, 91)",0.5332998649346946
"(20, 36, 91)",0.5347192819404414
"(19, 37, 93)",0.5336896760052149
"(20, 37, 93)",0.5353090677612845
"(19, 44, 50)",0.49931250707412783
"(20, 44, 50)",0.4993183991423276
"(19, 46, 54)",0.5053303098716629
"(20, 46, 54)",0.5053564301412153
"(19, 50, 62)",0.5251064344270316
"(20, 50, 62)",0.5252853893515583
"(19, 52, 66)",0.5276933304157866
"(20, 52, 66)",0.5279788491375595
"(19, 53, 68)",0.5285526982177632
"(20, 53, 68)",0.5290038919861028
"(19, 54, 70)",0.5292876024899726
"(20, 54, 70)",0.5299332159624546
"(19, 55, 72)",0.529779642522146
"(20, 55, 72)",0.5307576881075005
"(19, 56, 74)",0.5301743168170856
"(20, 56, 74)",0.5314349143810723
"(20, 22, 64)",0.5070926246400564
"(21, 22, 64)",0.5075917033987692
"(20, 28, 76)",0.5186548851807313
"(21, 28, 76)",0.5187178135129936
"(20, 32, 84)",0.5260248251417973
"(21, 32, 84)",0.5265408286805865
"(20, 33, 86)",0.5270679577637793
"(21, 33, 86)",0.5273896818030793
"(20, 36, 92)",0.5323471322790065
"(21, 36, 92)",0.5333530006715553
"(20, 37, 94)",0.5328707001572122
"(21, 37, 94)",0.5340913279904187
"(20, 38, 96)",0.5333426632228018
"(21, 38, 96)",0.5348254124027382
"(20, 39, 98)",0.5336999550536703
"(21, 39, 98)",0.535432360047739
"(20, 48, 56)",0.5048476558247669
"(21, 48, 56)",0.5049078309433678
"(20, 49, 58)",0.5064536899325758
"(21, 49, 58)",0.5065123141917879
"(20, 52, 64)",0.524359179217233
"(21, 52, 64)",0.5244930658091084
"(20, 53, 66)",0.525511550493515
"(21, 53, 66)",0.525731065579449
"(20, 54, 68)",0.5270448403455508
"(21, 54, 68)",0.5270629669163855
"(20, 55, 70)",0.5279422800090446
"(21, 55, 70)",0.5284873835114736
"(20, 56, 72)",0.5285157285081951
"(21, 56, 72)",0.5290198597294743
"(20, 57, 74)",0.5293779804849573
"(21, 57, 74)",0.5300533692608741
"(20, 58, 76)",0.5298725757433338
"(21, 58, 76)",0.5309035229733828
"(20, 59, 78)",0.5301861613961109
"(21, 59, 78)",0.5315634426761291
"(21, 23, 67)",0.5069459787553631
"(22, 23, 67)",0.5075282617930035
"(21, 24, 69)",0.5086120495461588
"(22, 24, 69)",0.5088055993229782
"(21, 31, 83)",0.5207318301393862
"(22, 31, 83)",0.5209516640707165
"(21, 33, 87)",0.5252318871261666
"(22, 33, 87)",0.5256407974952092
"(21, 34, 89)",0.5266429353900841
"(22, 34, 89)",0.5268752386777257
"(21, 37, 95)",0.5318795535496316
"(22, 37, 95)",0.5326898545290258
"(21, 38, 97)",0.5324706777158167
"(22, 38, 97)",0.5336504536204104
"(21, 39, 99)",0.532976559038264
"(22, 39, 99)",0.5342689065447024
"(21, 52, 62)",0.5070339390326536
"(22, 52, 62)",0.5071578028513907
"(21, 57, 72)",0.5273798549403105
"(22, 57, 72)",0.5277383962317979
"(21, 58, 74)",0.5281498320052008
"(22, 58, 74)",0.5286626868295364
"(21, 59, 76)",0.5288770465641147
"(22, 59, 76)",0.5297083224161206
"(21, 60, 78)",0.5294060634902246
"(22, 60, 78)",0.5301932192266752
"(21, 61, 80)",0.5299069745019092
"(22, 61, 80)",0.5310455649109401
"(21, 62, 82)",0.5301950993715578
"(22, 62, 82)",0.531632330587457
"(22, 24, 70)",0.5068468788803442
"(23, 24, 70)",0.5074664849831793
"(22, 25, 72)",0.5082633579460001
"(23, 25, 72)",0.5087179560646504
"(22, 28, 78)",0.5139238963764597
"(23, 28, 78)",0.5142199154533316
"(22, 29, 80)",0.5153083645737275
"(23, 29, 80)",0.51554916383776
"(22, 31, 84)",0.5188957919677791
"(23, 31, 84)",0.5192465759462431
"(22, 35, 92)",0.5255171898124009
"(23, 35, 92)",0.5265063268079271
"(22, 36, 94)",0.5269206727896046
"(23, 36, 94)",0.5272923844858948
"(22, 39, 100)",0.532024874837674
"(23, 39, 100)",0.5331151045172607
"(22, 51, 58)",0.49935050775075346
"(23, 51, 58)",0.49958892197101507
"(22, 53, 62)",0.5050689520285488
"(23, 53, 62)",0.5052546772214989
"(22, 54, 64)",0.506545033456724
"(23, 54, 64)",0.506726226952551
"(22, 57, 70)",0.5238026767559929
"(23, 57, 70)",0.5244120538831728
"(22, 58, 72)",0.5253046403803928
"(23, 58, 72)",0.5256446605342158
"(22, 60, 76)",0.5275903023129166
"(23, 60, 76)",0.5280178053796565
"(22, 61, 78)",0.5282843754018592
"(23, 61, 78)",0.5287871054890422
"(22, 62, 80)",0.5289500200931141
"(23, 62, 80)",0.5299252375060729
"(22, 63, 82)",0.5295063963315113
"(23, 63, 82)",0.5303784710598186
"(22, 64, 84)",0.5299467192997049
"(23, 64, 84)",0.5311098118963312
"(22, 65, 86)",0.5302062689237154
"(23, 65, 86)",0.5316808127204086
"(23, 25, 73)",0.5067435513685562
"(24, 25, 73)",0.5074375304179294
"(23, 26, 75)",0.508065846400791
"(24, 26, 75)",0.508599710933731
"(23, 29, 81)",0.5135245166244274
"(24, 29, 81)",0.5139439739403203
"(23, 30, 83)",0.5150912532300903
"(24, 30, 83)",0.5153336722757981
"(23, 32, 87)",0.5182234297953636
"(24, 32, 87)",0.5187157555575991
"(23, 34, 91)",0.520764504651185
"(24, 34, 91)",0.521157542549508
"(23, 36, 95)",0.525128295839777
"(24, 36, 95)",0.5256380834123653
"(23, 37, 97)",0.5265554916237062
"(24, 37, 97)",0.5268042787535335
"(23, 38, 99)",0.5270850985119061
"(24, 38, 99)",0.5276067955590164
"(23, 53, 60)",0.49900722186598934
"(24, 53, 60)",0.4992976063173941
"(23, 55, 64)",0.5046901305847644
"(24, 55, 64)",0.5048897009311845
"(23, 57, 68)",0.5070628514486916
"(24, 57, 68)",0.5075126573693591
"(23, 61, 76)",0.5255235908084157
"(24, 61, 76)",0.5258399650366812
"(23, 62, 78)",0.526954578636229
"(24, 62, 78)",0.5273398519228034
"(23, 63, 80)",0.5277070820414002
"(24, 63, 80)",0.5284146178672264
"(23, 64, 82)",0.5284499429584003
"(24, 64, 82)",0.5291852737574575
"(23, 65, 84)",0.5290337304282108
"(24, 65, 84)",0.5300234888414249
"(23, 66, 86)",0.5295523494497529
"(24, 66, 86)",0.5305613752156807
"(23, 67, 88)",0.5299840350303774
"(24, 67, 88)",0.5312128176281518
"(23, 68, 90)",0.5302144996999092
"(24, 68, 90)",0.5317296290077299
"(24, 26, 76)",0.5066633288384014
"(25, 26, 76)",0.5074131347044896
"(24, 27, 78)",0.5066633288384014
"(25, 27, 78)",0.5074131347044896
"(24, 31, 86)",0.5149060430085661
"(25, 31, 86)",0.5150539231884629
"(24, 33, 90)",0.5177149110430453
"(25, 33, 90)",0.5177640761692606
"(24, 34, 92)",0.5190126154533536
"(25, 34, 92)",0.5193503588535757
"(24, 35, 94)",0.520371603427165
"(25, 35, 94)",0.5206965311536356
"(24, 38, 100)",0.5254514787599863
"(25, 38, 100)",0.5265202642506487
"(24, 55, 62)",0.49870634279511744
"(25, 55, 62)",0.49884289395176423
"(24, 58, 68)",0.5052618720002249
"(25, 58, 68)",0.5055777246615462
"(24, 59, 70)",0.5066783550958707
"(25, 59, 70)",0.5068090696586561
"(24, 62, 76)",0.5237440129844936
"(25, 62, 76)",0.5245256041411447
"(24, 63, 78)",0.5250563915907217
"(25, 63, 78)",0.5253838124382791
"(24, 65, 82)",0.5271181547022704
"(25, 65, 82)",0.527835305575777
"(24, 66, 84)",0.5279422800090446
"(25, 66, 84)",0.5286398032053276
"(24, 67, 86)",0.5285683514357535
"(25, 67, 86)",0.5295043641766052
"(24, 68, 88)",0.5291914126048504
"(25, 68, 88)",0.5301358563986408
"(24, 69, 90)",0.5296194711867167
"(25, 69, 90)",0.5306789437585475
"(24, 70, 92)",0.5299937351500015
"(25, 70, 92)",0.5313495369288854
"(24, 71, 94)",0.5302210388828766
"(25, 71, 94)",0.5317625926520692
"(25, 27, 79)",0.5065750751382753
"(26, 27, 79)",0.5073638790929286
"(25, 28, 81)",0.5078037291963703
"(26, 28, 81)",0.5084274290673231
"(25, 29, 83)",0.5093715645467644
"(26, 29, 83)",0.5095306667297353
"(25, 32, 89)",0.5141992115420365
"(26, 32, 89)",0.5148472470536217
"(25, 33, 91)",0.5153279924616619
"(26, 33, 91)",0.5156662044725479
"(25, 34, 93)",0.5175381982632671
"(26, 34, 93)",0.5177009714833648
"(25, 35, 95)",0.5186548851807313
"(26, 35, 95)",0.5192288598530705
"(25, 36, 97)",0.5201346042146359
"(26, 36, 97)",0.5202083295826134
"(25, 37, 99)",0.5207844675761714
"(26, 37, 99)",0.5212280423081218
"(25, 53, 56)",0.48840079664227326
"(26, 53, 56)",0.48849559994330266
"(25, 57, 64)",0.4982880920658066
"(26, 57, 64)",0.49842371807619656
"(25, 58, 66)",0.499371910121502
"(26, 58, 66)",0.4997775473239752
"(25, 60, 70)",0.5048476558247669
"(26, 60, 70)",0.5052009355435491
"(25, 61, 72)",0.506304013974191
"(26, 61, 72)",0.5065361248763954
"(25, 62, 74)",0.5070895596171007
"(26, 62, 74)",0.5076041169562912
"(25, 65, 80)",0.524359179217233
"(26, 65, 80)",0.5247815038052652
"(25, 66, 82)",0.525414715478932
"(26, 66, 82)",0.525708013642965
"(25, 68, 86)",0.5275314599295164
"(26, 68, 86)",0.5280305275917253
"(25, 69, 88)",0.5281409746497685
"(26, 69, 88)",0.5287476790955082
"(25, 70, 90)",0.5285157285081951
"(26, 70, 90)",0.5295044317602925
"(25, 71, 92)",0.5292760749275762
"(26, 71, 92)",0.5302899102497626
"(25, 72, 94)",0.5296634321787639
"(26, 72, 94)",0.5308123676325633
"(25, 73, 96)",0.5300196714352307
"(26, 73, 96)",0.5314004799589879
"(25, 74, 98)",0.5302281626704995
"(26, 74, 98)",0.5318065256343355
"(26, 17, 60)",0.359750749023525
"(27, 17, 60)",0.359977955601171
"(26, 25, 76)",0.3891506536923326
"(27, 25, 76)",0.38922563079444555
"(26, 28, 82)",0.5064692033313632
"(27, 28, 82)",0.5073303769071836
"(26, 29, 84)",0.50774223130539
"(27, 29, 84)",0.5083423030355819
"(26, 30, 86)",0.5091075018348098
"(27, 30, 86)",0.5094167541382674
"(26, 31, 88)",0.510494771296972
"(27, 31, 88)",0.5107597097027224
"(26, 33, 92)",0.5136137193568974
"(27, 33, 92)",0.5145719752192234
"(26, 34, 94)",0.5151526822645944
"(27, 34, 94)",0.515523936066051
"(26, 36, 98)",0.517952642068385
"(27, 36, 98)",0.5187029273525888
"(26, 37, 100)",0.5190700355653094
"(27, 37, 100)",0.5197463124094469
"(26, 50, 51)",0.45902478414391407
"(27, 50, 51)",0.45902913677178075
"(26, 55, 58)",0.48832628829215774
"(27, 55, 58)",0.4883615504006175
"(26, 57, 62)",0.4926229916273673
"(27, 57, 62)",0.49274554985176294
"(26, 59, 66)",0.4976952328589101
"(27, 59, 66)",0.49807399591092355
"(26, 60, 68)",0.49907644900730735
"(27, 60, 68)",0.49948021854934055
"(26, 62, 72)",0.5043927488205577
"(27, 62, 72)",0.5047856315724223
"(26, 63, 74)",0.5053535223206996
"(27, 63, 74)",0.5061423123252414
"(26, 64, 76)",0.5067411012309428
"(27, 64, 76)",0.5070097139441095
"(26, 67, 82)",0.5235599283942295
"(27, 67, 82)",0.5244796933063468
"(26, 68, 84)",0.5249438799575019
"(27, 68, 84)",0.5250424885715445
"(26, 69, 86)",0.5255541692509113
"(27, 69, 86)",0.5261504903551694
"(26, 70, 88)",0.5268783306701722
"(27, 70, 88)",0.5274648195700298
"(26, 71, 90)",0.5276436917595271
"(27, 71, 90)",0.5284468585620916
"(26, 72, 92)",0.5282312461168978
"(27, 72, 92)",0.5290261658364988
"(26, 73, 94)",0.528862626661407
"(27, 73, 94)",0.5298904884924257
"(26, 74, 96)",0.5293382607330156
"(27, 74, 96)",0.530445614966042
"(26, 75, 98)",0.5297251203598831
"(27, 75, 98)",0.5309140305617958
"(26, 76, 100)",0.5300535494230575
"(27, 76, 100)",0.5313857742019749
"(27, 12, 51)",0.3282204167648754
"(28, 12, 51)",0.3283949133526225
"(27, 23, 73)",0.38268245528962863
"(28, 23, 73)",0.3828185013701116
"(27, 26, 79)",0.3892347447037725
"(28, 26, 79)",0.3894769041053649
"(27, 29, 85)",0.506326582926385
"(28, 29, 85)",0.5073023235247509
"(27, 30, 87)",0.506326582926385
"(28, 30, 87)",0.5082669661830629
"(27, 31, 89)",0.5089439842617484
"(28, 31, 89)",0.5092882628383957
"(27, 32, 91)",0.5104052811367668
"(28, 32, 91)",0.510573881999934
"(27, 34, 95)",0.5134963157587773
"(28, 34, 95)",0.51413448346181
"(27, 35, 97)",0.5149606439617274
"(28, 35, 97)",0.5153302427761249
"(27, 52, 53)",0.4590633101042498
"(28, 52, 53)",0.4592519100934365
"(27, 56, 58)",0.48613451530572954
"(28, 56, 58)",0.4861762135102235
"(27, 57, 60)",0.48796704596303564
"(28, 57, 60)",0.4882315427035055
"(27, 62, 70)",0.4987933900511783
"(28, 62, 70)",0.49922410815399615
"(27, 64, 74)",0.5040533693237913
"(28, 64, 74)",0.5041390292239089
"(27, 65, 76)",0.5050254775106415
"(28, 65, 76)",0.505449325046642
"(27, 66, 78)",0.5063662035531683
"(28, 66, 78)",0.506665640761587
"(27, 67, 80)",0.5071058579909461
"(28, 67, 80)",0.5077396896591718
"(27, 70, 86)",0.5238133329074066
"(28, 70, 86)",0.5246488613345528
"(27, 71, 88)",0.5251015591839391
"(28, 71, 88)",0.5256553957844766
"(27, 72, 90)",0.526350016748022
"(28, 72, 90)",0.526524176357639
"(27, 73, 92)",0.5270815462974837
"(28, 73, 92)",0.5278892882602939
"(27, 74, 94)",0.5277158803543428
"(28, 74, 94)",0.5285703712808588
"(27, 75, 96)",0.5283310671431137
"(28, 75, 96)",0.5292297265362326
"(27, 76, 98)",0.5289058378271689
"(28, 76, 98)",0.5300006821318094
"(27, 77, 100)",0.5293977342057937
"(28, 77, 100)",0.5305708546506702
"(28, 11, 50)",0.31773345300457906
"(29, 11, 50)",0.31775996851713983
"(28, 15, 58)",0.3486147519184514
"(29, 15, 58)",0.34869814335248384
"(28, 18, 64)",0.35941308366458785
"(29, 18, 64)",0.35957336131302214
"(28, 26, 80)",0.38781506261210574
"(29, 26, 80)",0.38783424314591414
"(28, 27, 82)",0.3892928470614088
"(29, 27, 82)",0.38955559354472563
"(28, 30, 88)",0.5062684079922931
"(29, 30, 88)",0.5072772309758632
"(28, 31, 90)",0.5072006927442888
"(29, 31, 90)",0.5082153768167111
"(28, 32, 92)",0.5086120495461588
"(29, 32, 92)",0.5092026049374168
"(28, 33, 94)",0.5102451774698439
"(29, 33, 94)",0.5104130813242503
"(28, 35, 98)",0.5132337322743433
"(29, 35, 98)",0.513859106134248
"(28, 36, 100)",0.5146367474954222
"(29, 36, 100)",0.5150983597230107
"(28, 54, 55)",0.45909326320042965
"(29, 54, 55)",0.45929320299808385
"(28, 58, 60)",0.4860358263803934
"(29, 58, 60)",0.48610026778770704
"(28, 59, 62)",0.48767318125458603
"(29, 59, 62)",0.48818242502811654
"(28, 64, 72)",0.49854683238360975
"(29, 64, 72)",0.4989260471493881
"(28, 65, 74)",0.49938758460910027
"(29, 65, 74)",0.5000028196413693
"(28, 66, 76)",0.5037777800946156
"(29, 66, 76)",0.5039474241159154
"(28, 67, 78)",0.5047228033757866
"(29, 67, 78)",0.5051675629299358
"(28, 68, 80)",0.5058902585747306
"(29, 68, 80)",0.506243220653447
"(28, 69, 82)",0.5067741255591408
"(29, 69, 82)",0.5072456616874458
"(28, 72, 88)",0.523515791999765
"(29, 72, 88)",0.5244251466481339
"(28, 73, 90)",0.5248786473692457
"(29, 73, 90)",0.5249715365780023
"(28, 74, 92)",0.5254513499461155
"(29, 74, 92)",0.5259512890013222
"(28, 75, 94)",0.526698179671244
"(29, 75, 94)",0.5269288269319354
"(28, 76, 96)",0.5273798549403105
"(29, 76, 96)",0.5280290791895867
"(28, 77, 98)",0.5279422800090446
"(29, 77, 98)",0.528684194286862
"(28, 78, 100)",0.5285123936648062
"(29, 78, 100)",0.5296577522676071
"(29, 13, 55)",0.32857158059811026
"(30, 13, 55)",0.3288011948395523
"(29, 19, 67)",0.35978175172228727
"(30, 19, 67)",0.3601428134260016
"(29, 21, 71)",0.37436053018372834
"(30, 21, 71)",0.3744477783158458
"(29, 27, 83)",0.387871369051282
"(30, 27, 83)",0.387921470750978
"(29, 28, 85)",0.38933828124170766
"(30, 28, 85)",0.38964469093060256
"(29, 31, 91)",0.5061962796950434
"(30, 31, 91)",0.5072436292816788
"(29, 32, 93)",0.5071515476144834
"(30, 32, 93)",0.5081704813303488
"(29, 33, 95)",0.5082864209534036
"(30, 33, 95)",0.5091380717468851
"(29, 34, 97)",0.5101033091596742
"(30, 34, 97)",0.5103040508961322
"(29, 56, 57)",0.4590994053155659
"(30, 56, 57)",0.4593756784195304
"(29, 60, 62)",0.48590645904900437
"(30, 60, 62)",0.48601232000914507
"(29, 61, 64)",0.4876073253080339
"(30, 61, 64)",0.48808768418699944
"(29, 62, 66)",0.4890551056302182
"(30, 62, 66)",0.48958469706322205
"(29, 65, 72)",0.4964519591921406
"(30, 65, 72)",0.49654380861561914
"(29, 66, 74)",0.4981974842290655
"(30, 66, 74)",0.49872601970480285
"(29, 67, 76)",0.4991627634654587
"(30, 67, 76)",0.4996666834498426
"(29, 69, 80)",0.5042295690287769
"(30, 69, 80)",0.5047789576377807
"(29, 70, 82)",0.505203902637425
"(30, 70, 82)",0.50605765055204
"(29, 71, 84)",0.5064198517522654
"(30, 71, 84)",0.5068601833333279
"(29, 72, 86)",0.5071180841504835
"(30, 72, 86)",0.5079342414338787
"(29, 75, 92)",0.523760534117946
"(30, 75, 92)",0.5247596875770905
"(29, 76, 94)",0.5250128700973887
"(30, 76, 94)",0.5253787173486337
"(29, 77, 96)",0.5255682340520463
"(30, 77, 96)",0.5262509467128266
"(29, 78, 98)",0.526828432140758
"(30, 78, 98)",0.5275138439739674
"(29, 79, 100)",0.5275774363768647
"(30, 79, 100)",0.5284251494231427
"(30, 16, 62)",0.3484958235722666
"(31, 16, 62)",0.3486748555676029
"(30, 22, 74)",0.3747238356897807
"(31, 22, 74)",0.3748955429446295
"(30, 28, 86)",0.3880617311338186
"(31, 28, 86)",0.38814731775133177
"(30, 29, 88)",0.38938068444452134
"(31, 29, 88)",0.38976623566408625
"(30, 32, 94)",0.5061328538454363
"(31, 32, 94)",0.50720405838272
"(30, 33, 96)",0.5070926246400564
"(31, 33, 96)",0.5080902442731942
"(30, 34, 98)",0.5081954413230095
"(31, 34, 98)",0.508968697970847
"(30, 35, 100)",0.5098968917980821
"(31, 35, 100)",0.5100336470311387
"(30, 58, 59)",0.45910484013062774
"(31, 58, 59)",0.4594681910725506
"(30, 62, 64)",0.4858121847058265
"(31, 62, 64)",0.48591540631286634
"(30, 63, 66)",0.4874440666178697
"(31, 63, 66)",0.4879621778490173
"(30, 64, 68)",0.48897383661522636
"(31, 64, 68)",0.48924437966670076
"(30, 68, 76)",0.4976713924339808
"(31, 68, 76)",0.4983277531225416
"(30, 69, 78)",0.49888929473428983
"(31, 69, 78)",0.4994645227064686
"(30, 71, 82)",0.5039551747449867
"(31, 71, 82)",0.5041446644671536
"(30, 72, 84)",0.5048476558247669
"(31, 72, 84)",0.5053749875774999
"(30, 73, 86)",0.5062198080082664
"(31, 73, 86)",0.5065036826107837
"(30, 74, 88)",0.5068591293909148
"(31, 74, 88)",0.5074257549649331
"(30, 77, 94)",0.5234209934175055
"(31, 77, 94)",0.5244013559406931
"(30, 78, 96)",0.524359179217233
"(31, 78, 96)",0.5248735778880292
"(30, 79, 98)",0.5251308282271357
"(31, 79, 98)",0.5258358123790602
"(30, 80, 100)",0.526350016748022
"(31, 80, 100)",0.526631073145147
"(31, 12, 55)",0.3174246421499517
"(32, 12, 55)",0.31756672045279283
"(31, 14, 59)",0.32872388320375917
"(32, 14, 59)",0.32909988192917927
"(31, 15, 61)",0.3314786093378134
"(32, 15, 61)",0.33161398457477914
"(31, 20, 71)",0.35948062809713716
"(32, 20, 71)",0.35984906824753526
"(31, 22, 75)",0.37350817511066264
"(32, 22, 75)",0.37358354020822393
"(31, 23, 77)",0.37537462739793326
"(32, 23, 77)",0.3755535664941659
"(31, 28, 87)",0.37537462739793326
"(32, 28, 87)",0.3755535664941659
"(31, 28, 87)",0.386415946226153
"(32, 28, 87)",0.38678988631737005
"(31, 30, 91)",0.3894291957101061
"(32, 30, 91)",0.38994094891660974
"(31, 33, 97)",0.5060937955103227
"(32, 33, 97)",0.5071874458192656
"(31, 34, 99)",0.5069882883538841
"(32, 34, 99)",0.5080106534624275
"(31, 60, 61)",0.4591220322298934
"(32, 60, 61)",0.4595487835421252
"(31, 64, 66)",0.4857284678111848
"(32, 64, 66)",0.4858927245710675
"(31, 65, 68)",0.4870753737168613
"(32, 65, 68)",0.4878879412229971
"(31, 66, 70)",0.48882904288440066
"(32, 66, 70)",0.48911406274673724
"(31, 67, 72)",0.49096910146242734
"(32, 67, 72)",0.4911450058255041
"(31, 68, 74)",0.49264176575293295
"(32, 68, 74)",0.4930816171375341
"(31, 70, 78)",0.4975144343333931
"(32, 70, 78)",0.4977460520959884
"(31, 71, 80)",0.498691914345798
"(32, 71, 80)",0.49919485313277373
"(31, 72, 82)",0.4994079798962252
"(32, 72, 82)",0.5002321590671912
"(31, 73, 84)",0.5037389635030238
"(32, 73, 84)",0.5039865347796567
"(31, 74, 86)",0.5046191947598172
"(32, 74, 86)",0.505046522130048
"(31, 75, 88)",0.5053048580528045
"(32, 75, 88)",0.506197772446407
"(31, 76, 90)",0.5064841852815184
"(32, 76, 90)",0.5069788718471108
"(31, 77, 92)",0.5071323101057504
"(32, 77, 92)",0.5080812951019547
"(31, 80, 98)",0.5237225341172994
"(32, 80, 98)",0.5247342795701191
"(31, 81, 100)",0.5249184239877347
"(32, 81, 100)",0.525038208459543
"(32, 14, 60)",0.32781766575744514
"(33, 14, 60)",0.327856580591758
"(32, 15, 62)",0.33045103981632606
"(33, 15, 62)",0.3306223064123545
"(32, 17, 66)",0.3483920083687842
"(33, 17, 66)",0.34864612633858244
"(32, 19, 70)",0.3537047397277531
"(33, 19, 70)",0.3539428659290662
"(32, 21, 74)",0.3598072722900099
"(33, 21, 74)",0.3603714347671581
"(32, 23, 78)",0.37413115400333846
"(33, 23, 78)",0.37431250473565997
"(32, 27, 86)",0.38249005295776933
"(33, 27, 86)",0.3827661401278264
"(32, 29, 90)",0.38648389377843767
"(33, 29, 90)",0.3869976160378732
"(32, 30, 92)",0.3883522619858811
"(33, 30, 92)",0.3883993694449766
"(32, 31, 94)",0.389489920029235
"(33, 31, 94)",0.3900550588170339
"(32, 34, 100)",0.5060494727760295
"(33, 34, 100)",0.5071759953511218
"(32, 58, 61)",0.45746139194429847
"(33, 58, 61)",0.45771587418392645
"(32, 62, 63)",0.45914502621949005
"(33, 62, 63)",0.4596053432518444
"(32, 66, 68)",0.48568468091633304
"(33, 66, 68)",0.48585540979546477
"(32, 67, 70)",0.4870200022064521
"(33, 67, 70)",0.48780579572252836
"(32, 68, 72)",0.4886453793005547
"(33, 68, 72)",0.4889661981945925
"(32, 69, 74)",0.4906434320359195
"(33, 69, 74)",0.49090767401794383
"(32, 70, 76)",0.4925501386590682
"(33, 70, 76)",0.49292724923629533
"(32, 73, 82)",0.49831805163874626
"(33, 73, 82)",0.4989233018543729
"(32, 74, 84)",0.49920084239506557
"(33, 74, 84)",0.4998267553659745
"(32, 76, 88)",0.5041483626303189
"(33, 76, 88)",0.5047638406084578
"(32, 77, 90)",0.5049912188869695
"(33, 77, 90)",0.5059300175098747
"(32, 78, 92)",0.5062678252323166
"(33, 78, 92)",0.5066722216793197
"(32, 79, 94)",0.5069349167216768
"(33, 79, 94)",0.5076110543097255
"(32, 82, 100)",0.523366701908774
"(33, 82, 100)",0.5243859147119054
"(33, 13, 59)",0.3177632265172953
"(34, 13, 59)",0.31795552435266655
"(33, 15, 63)",0.3292087403348299
"(34, 15, 63)",0.32937429316421013
"(33, 16, 65)",0.3315013966551374
"(34, 16, 65)",0.3317992466193753
"(33, 21, 75)",0.3590654650152853
"(34, 21, 75)",0.3594302972001479
"(33, 24, 81)",0.37449850439181187
"(34, 24, 81)",0.3748372527854087
"(33, 28, 89)",0.3826335735574952
"(34, 28, 89)",0.3830388116926302
"(33, 30, 93)",0.3868575070379486
"(34, 30, 93)",0.3873153465747534
"(33, 31, 95)",0.3884111626920223
"(34, 31, 95)",0.38863379757021105
"(33, 32, 97)",0.3895129413335052
"(34, 32, 97)",0.39013655528261687
"(33, 42, 54)",0.4309868895850642
"(34, 42, 54)",0.4311055406374344
"(33, 48, 57)",0.44717301807936627
"(34, 48, 57)",0.4473853940709814
"(33, 62, 64)",0.45867511232892894
"(34, 62, 64)",0.45871209211894753
"(33, 64, 65)",0.45915448648225077
"(34, 64, 65)",0.45968797774436315
"(33, 68, 70)",0.48563953666625875
"(34, 68, 70)",0.48582714273108313
"(33, 69, 72)",0.4868671653255146
"(34, 69, 72)",0.4876954761432859
"(33, 70, 74)",0.4884275693643516
"(34, 70, 74)",0.48890478422668887
"(33, 71, 76)",0.49051179806407524
"(34, 71, 76)",0.4906130474483632
"(33, 72, 78)",0.49241420813895354
"(34, 72, 78)",0.4926860900275432
"(33, 74, 82)",0.4964744147401279
"(34, 74, 82)",0.49667215961661126
"(33, 75, 84)",0.49798146604129173
"(34, 75, 84)",0.49880620612962717
"(33, 76, 86)",0.49896778209586534
"(34, 76, 86)",0.4995416228735213
"(33, 78, 90)",0.5038615750739971
"(34, 78, 90)",0.5041160990909447
"(33, 79, 92)",0.5047308230116249
"(34, 79, 92)",0.5053176990265974
"(33, 80, 94)",0.5053659203143014
"(34, 80, 94)",0.5062960601730245
"(33, 81, 96)",0.506545033456724
"(34, 81, 96)",0.5071152995944705
"(33, 82, 98)",0.5071473240672818
"(34, 82, 98)",0.5081341078887945
"(34, 13, 60)",0.3171783395036058
"(35, 13, 60)",0.3173460468351872
"(34, 15, 64)",0.328030030040149
"(35, 15, 64)",0.32858575908633664
"(34, 16, 66)",0.3306286605731243
"(35, 16, 66)",0.3309240003573824
"(34, 18, 70)",0.3483174399983849
"(35, 18, 70)",0.34863272025173875
"(34, 22, 78)",0.3595664242410408
"(35, 22, 78)",0.36025977267879267
"(34, 24, 82)",0.3733781827585018
"(35, 24, 82)",0.3735565282274364
"(34, 25, 84)",0.37474998383035585
"(35, 25, 84)",0.37541538494419857
"(34, 27, 88)",0.3790184984177582
"(35, 27, 88)",0.3791662425830265
"(34, 29, 92)",0.38269680941838474
"(35, 29, 92)",0.3832042265668479
"(34, 31, 96)",0.38716087325988946
"(35, 31, 96)",0.38746339182987555
"(34, 32, 98)",0.38847097892650256
"(35, 32, 98)",0.38880900422023595
"(34, 33, 100)",0.3895325951577977
"(35, 33, 100)",0.39019489452936873
"(34, 54, 61)",0.45185493771888846
"(35, 54, 61)",0.45203926531957733
"(34, 64, 66)",0.4586532171701982
"(35, 64, 66)",0.4590094075418418
"(34, 66, 67)",0.4591622538089059
"(35, 66, 67)",0.45974708816158166
"(34, 70, 72)",0.48552892135589026
"(35, 70, 72)",0.48579886897333074
"(34, 71, 74)",0.48670282868909337
"(35, 71, 74)",0.48765471148271083
"(34, 72, 76)",0.48836716514575707
"(35, 72, 76)",0.48883449509203225
"(34, 76, 84)",0.4963285621736863
"(35, 76, 84)",0.4964237140436178
"(34, 77, 86)",0.49764049180366826
"(35, 77, 86)",0.49862615987863945
"(34, 78, 88)",0.49873694566172855
"(35, 78, 88)",0.4994290116382227
"(34, 79, 90)",0.49941681503399454
"(35, 79, 90)",0.5003787858221224
"(34, 80, 92)",0.5037179257485095
"(35, 80, 92)",0.5040305892300517
"(34, 81, 94)",0.5042707215232899
"(35, 81, 94)",0.5049989175633344
"(34, 82, 96)",0.5051225038696174
"(35, 82, 96)",0.5061143711056896
"(34, 83, 98)",0.5063219738476122
"(35, 83, 98)",0.5068397758256423
"(34, 84, 100)",0.5069525206945061
"(35, 84, 100)",0.5077302743181763
"(35, 13, 61)",0.31654591881263316
"(36, 13, 61)",0.3165860065467473
"(35, 16, 67)",0.3295134941445824
"(36, 16, 67)",0.3298032674940545
"(35, 17, 69)",0.3315348821125361
"(36, 17, 69)",0.33206732579455306
"(35, 19, 73)",0.3488798067876984
"(36, 19, 73)",0.34948725703166256
"(35, 22, 79)",0.35880050219716675
"(36, 22, 79)",0.35896314774690513
"(35, 23, 81)",0.35983061451766135
"(36, 23, 81)",0.3605076894363884
"(35, 25, 85)",0.3738876223833274
"(36, 25, 85)",0.3742623297742121
"(35, 26, 87)",0.3754096736321137
"(36, 26, 87)",0.3757142206740498
"(35, 32, 99)",0.38720851018172575
"(36, 32, 99)",0.38755952820451306
"(35, 50, 60)",0.44639786961356437
"(36, 50, 60)",0.44642958725765286
"(35, 66, 68)",0.45874174200495593
"(36, 66, 68)",0.4590309587386829
"(35, 68, 69)",0.4591722162405643
"(36, 68, 69)",0.4597770279626596
"(35, 72, 74)",0.4853878430149332
"(36, 72, 74)",0.4857783745263405
"(35, 73, 76)",0.4866616792299874
"(36, 73, 76)",0.4876000602411075
"(35, 74, 78)",0.4883063858456033
"(36, 74, 78)",0.4886956596900131
"(35, 75, 80)",0.4896671312801395
"(36, 75, 80)",0.48986630644852464
"(35, 79, 88)",0.4975044045012765
"(36, 79, 88)",0.497900458186519
"(35, 80, 90)",0.49854683238360975
"(36, 80, 90)",0.49916813997465176
"(35, 81, 92)",0.4992685732885261
"(36, 81, 92)",0.5001013651627216
"(35, 83, 96)",0.504070421989305
"(36, 83, 96)",0.5047446088260014
"(35, 84, 98)",0.5048476558247669
"(36, 84, 98)",0.5058518447253499
"(35, 85, 100)",0.5058902585747306
"(36, 85, 100)",0.5065552034518527
"(36, 13, 62)",0.31576375226182857
"(37, 13, 62)",0.31583515135921925
"(36, 14, 64)",0.3175318145673997
"(37, 14, 64)",0.3177554529791405
"(36, 16, 68)",0.3282204167648754
"(37, 16, 68)",0.32881065782529434
"(36, 17, 70)",0.33074937525877285
"(37, 17, 70)",0.33103243788837144
"(36, 19, 74)",0.3482711588745185
"(37, 19, 74)",0.3486195320787419
"(36, 23, 82)",0.35923160347011224
"(37, 23, 82)",0.3597088842295684
"(36, 26, 88)",0.37431779719993474
"(37, 26, 88)",0.3747869147620532
"(36, 46, 59)",0.4314939530513385
"(37, 46, 59)",0.43169803352466524
"(36, 52, 62)",0.4470267905617113
"(37, 52, 62)",0.4473012975733531
"(36, 68, 70)",0.45875901038852246
"(37, 68, 70)",0.45906503895044865
"(36, 70, 71)",0.45918320978465443
"(37, 70, 71)",0.4598062022692862
"(36, 74, 76)",0.4853601738382722
"(37, 74, 76)",0.4857550816954608
"(36, 75, 78)",0.4865632070162759
"(37, 75, 78)",0.48751445415052275
"(36, 76, 80)",0.48796704596303564
"(37, 76, 80)",0.4885017340303109
"(36, 77, 82)",0.4890813512490384
"(37, 77, 82)",0.4897746607908682
"(36, 79, 86)",0.49265184710323684
"(37, 79, 86)",0.49338820383275445
"(36, 81, 90)",0.49704459867179973
"(37, 81, 90)",0.49728174210982146
"(36, 82, 92)",0.4982575752661343
"(37, 82, 92)",0.49895957752994063
"(36, 83, 94)",0.4990435811474813
"(37, 83, 94)",0.49966717334456545
"(36, 85, 98)",0.5038573142357783
"(37, 85, 98)",0.5041608396781847
"(36, 86, 100)",0.5046400529471237
"(37, 86, 100)",0.5053077104195128
"(37, 14, 65)",0.31702218979517144
"(38, 14, 65)",0.31718499712280823
"(37, 16, 69)",0.3274704634822945
"(38, 16, 69)",0.32767386635308077
"(37, 17, 71)",0.32957645979850214
"(38, 17, 71)",0.32995075879423424
"(37, 18, 73)",0.331599026350114
"(38, 18, 73)",0.3321984108503098
"(37, 20, 77)",0.34882591692939197
"(38, 20, 77)",0.3493987524107837
"(37, 21, 79)",0.3514514062411058
"(38, 21, 79)",0.35172987954468
"(37, 22, 81)",0.35374417594820384
"(38, 22, 81)",0.35424920822214795
"(37, 23, 83)",0.3581936926857163
"(38, 23, 83)",0.3586432099866918
"(37, 24, 85)",0.35960885760854194
"(38, 24, 85)",0.3604087025353763
"(37, 26, 89)",0.3732791676801062
"(38, 26, 89)",0.3734976019016247
"(37, 27, 91)",0.3746303653032719
"(38, 27, 91)",0.3749476375742568
"(37, 31, 99)",0.382367019576602
"(38, 31, 99)",0.3826652217260454
"(37, 44, 59)",0.42843981749127785
"(38, 44, 59)",0.42848029055434433
"(37, 48, 61)",0.4321395985533482
"(38, 48, 61)",0.4322438594190168
"(37, 48, 61)",0.4321395985533482
"(38, 48, 61)",0.4322438594190168
"(37, 68, 71)",0.45820939671121413
"(38, 68, 71)",0.45838156097881094
"(37, 70, 72)",0.45875847382525015
"(38, 70, 72)",0.4591347225822377
"(37, 72, 73)",0.459184968845074
"(38, 72, 73)",0.4598479314314537
"(37, 76, 78)",0.48532043529582025
"(38, 76, 78)",0.48572173855062656
"(37, 77, 80)",0.4864386492578383
"(38, 77, 80)",0.4874750849562006
"(37, 78, 82)",0.4876831246308279
"(38, 78, 82)",0.48846926272356356
"(37, 79, 84)",0.48901199256754907
"(38, 79, 84)",0.4897387226999488
"(37, 80, 86)",0.490986898356132
"(38, 80, 86)",0.4910651848688574
"(37, 81, 88)",0.4925783951737155
"(38, 81, 88)",0.4930934610553807
"(37, 83, 92)",0.49648560614433257
"(38, 83, 92)",0.49672649464010127
"(37, 84, 94)",0.4977026697302547
"(38, 84, 94)",0.4987991110196381
"(37, 85, 96)",0.49880702159857143
"(38, 85, 96)",0.4995535992314064
"(37, 86, 98)",0.4994253105836921
"(38, 86, 98)",0.500410816856007
"(37, 87, 100)",0.5036765331316158
"(38, 87, 100)",0.504092141476094
"(38, 14, 66)",0.3163752438051754
"(39, 14, 66)",0.31652952727121414
"(38, 15, 68)",0.3177799299702213
"(39, 15, 68)",0.3181001461083229
"(38, 17, 72)",0.32848815472570714
"(39, 17, 72)",0.32905999621944954
"(38, 18, 74)",0.3308178467987256
"(39, 18, 74)",0.33126656243417824
"(38, 20, 78)",0.34817478236424004
"(39, 20, 78)",0.34861197475666256
"(38, 24, 86)",0.35892073669588004
"(39, 24, 86)",0.35941419184160317
"(38, 25, 88)",0.3598468655334326
"(39, 25, 88)",0.3606007982241288
"(38, 27, 92)",0.3735569342466367
"(39, 27, 92)",0.3742338043754465
"(38, 28, 94)",0.37508734302477037
"(39, 28, 94)",0.37563230522756
"(38, 30, 98)",0.3789015807030462
"(39, 30, 98)",0.3790861071933147
"(38, 48, 62)",0.431181938894773
"(39, 48, 62)",0.4312838332545718
"(38, 60, 68)",0.45171474183750465
"(39, 60, 68)",0.45224364236035886
"(38, 70, 73)",0.45824439859046245
"(39, 70, 73)",0.45843978887198356
"(38, 72, 74)",0.45879390590765023
"(39, 72, 74)",0.45917287121134764
"(38, 74, 75)",0.4591857909251125
"(39, 74, 75)",0.45990330738776447
"(38, 78, 80)",0.4852739688508261
"(39, 78, 80)",0.4856830799532403
"(38, 79, 82)",0.4864115165183851
"(39, 79, 82)",0.487366385747859
"(38, 80, 84)",0.4876524305682166
"(39, 80, 84)",0.4884192547870059
"(38, 81, 86)",0.48892502864669724
"(39, 81, 86)",0.4896690279826886
"(38, 82, 88)",0.4908140218272284
"(39, 82, 88)",0.49118586148676974
"(38, 83, 90)",0.49247525856649427
"(39, 83, 90)",0.49298518893355664
"(38, 85, 94)",0.49635041425839344
"(39, 85, 94)",0.49661200988810167
"(38, 86, 96)",0.4976053620620476
"(39, 86, 96)",0.49871967922172383
"(38, 87, 98)",0.4986843019607145
"(39, 87, 98)",0.4993390827321069
"(38, 88, 100)",0.49931250707412783
"(39, 88, 100)",0.5002399982130883
"(39, 14, 67)",0.3156939944284534
"(40, 14, 67)",0.3157571334286218
"(39, 15, 69)",0.31733723853758167
"(40, 15, 69)",0.3176437288194413
"(39, 17, 73)",0.32775003550764087
"(40, 17, 73)",0.328088050312874
"(39, 18, 75)",0.3299358225670507
"(40, 18, 75)",0.33011231942443375
"(39, 19, 77)",0.33166236150140743
"(40, 19, 77)",0.3323215407159482
"(39, 21, 81)",0.34875635262811594
"(40, 21, 81)",0.34934851079598966
"(39, 22, 83)",0.3513274333004799
"(40, 22, 83)",0.3515739130826245
"(39, 23, 85)",0.3535863191593566
"(40, 23, 85)",0.3539718566317082
"(39, 25, 89)",0.3593142059455266
"(40, 25, 89)",0.3599027681808642
"(39, 28, 95)",0.3741102872205128
"(40, 28, 95)",0.37471042677735483
"(39, 29, 97)",0.3754338158123563
"(40, 29, 97)",0.37585871402393417
"(39, 30, 99)",0.3775487192075106
"(40, 30, 99)",0.37774363965878255
"(39, 50, 64)",0.43158291259868303
"(40, 50, 64)",0.43195543923060736
"(39, 56, 67)",0.44685730122804007
"(40, 56, 67)",0.4472025033325149
"(39, 62, 70)",0.4518693445999562
"(40, 62, 70)",0.4522155367193366
"(39, 70, 74)",0.45746872098076347
"(40, 70, 74)",0.457780552301861
"(39, 72, 75)",0.45832887426803165
"(40, 72, 75)",0.45843914010299186
"(39, 74, 76)",0.4588141432132784
"(40, 74, 76)",0.45926053547957907
"(39, 76, 77)",0.4591927796568421
"(40, 76, 77)",0.4599728013811177
"(39, 80, 82)",0.4852522725203074
"(40, 80, 82)",0.4856676903990868
"(39, 81, 84)",0.4862808943204229
"(40, 81, 84)",0.4872434753565513
"(39, 82, 86)",0.4875878108017499
"(40, 82, 86)",0.4882976429973362
"(39, 83, 88)",0.4888121725090024
"(40, 83, 88)",0.48950744254879575
"(39, 84, 90)",0.49058015277883876
"(40, 84, 90)",0.4910976792972122
"(39, 85, 92)",0.4923779674127902
"(40, 85, 92)",0.49291396937811643
"(39, 87, 96)",0.49619294919169127
"(40, 87, 96)",0.49641572307791804
"(39, 88, 98)",0.49749867876264364
"(40, 88, 98)",0.4982540626374406
"(39, 89, 100)",0.4983256515989074
"(40, 89, 100)",0.4991616372877266
"(40, 15, 70)",0.31681802025856354
"(41, 15, 70)",0.3169703884496893
"(40, 17, 74)",0.32669769849692637
"(41, 17, 74)",0.3269030122132279
"(40, 18, 76)",0.328632526468804
"(41, 18, 76)",0.3293328586103061
"(40, 19, 78)",0.33086247513709155
"(41, 19, 78)",0.331359931323571
"(40, 21, 82)",0.3479855383723054
"(41, 21, 82)",0.3485801854355193
"(40, 25, 90)",0.35862498264197823
"(41, 25, 90)",0.3589463154810664
"(40, 26, 92)",0.3596548295285538
"(41, 26, 92)",0.36050212743059795
"(40, 28, 96)",0.3732061813086894
"(41, 28, 96)",0.3734304209979716
"(40, 29, 98)",0.3743814467351176
"(41, 29, 98)",0.37492607298861474
"(40, 50, 65)",0.43081660832818014
"(41, 50, 65)",0.4310365556277022
"(40, 52, 66)",0.4321888659549997
"(41, 52, 66)",0.4321971838613486
"(40, 58, 69)",0.44708480854146515
"(41, 58, 69)",0.44748118055142855
"(40, 64, 72)",0.4518476710143205
"(41, 64, 72)",0.4520200778219487
"(40, 72, 76)",0.457472346913324
"(41, 72, 76)",0.4579916248330635
"(40, 74, 77)",0.45833840232456957
"(41, 74, 77)",0.45842881124623375
"(40, 76, 78)",0.4588045200817336
"(41, 76, 78)",0.4593515915943591
"(40, 78, 79)",0.45920582394178444
"(41, 78, 79)",0.4599909094221451
"(40, 82, 84)",0.4852097453368378
"(41, 82, 84)",0.48564594667089883
"(40, 83, 86)",0.48614729125603295
"(41, 83, 86)",0.487222993796465
"(40, 84, 88)",0.4874440666178697
"(41, 84, 88)",0.48819846169592235
"(40, 85, 90)",0.4886453793005547
"(41, 85, 90)",0.48912912007201576
"(40, 86, 92)",0.49047741461710576
"(41, 86, 92)",0.4910495087303815
"(40, 87, 94)",0.49228126525044785
"(41, 87, 94)",0.49271947150237433
"(40, 90, 100)",0.49704459867179973
"(41, 90, 100)",0.49743983166994354
"(41, 15, 71)",0.3162743275633015
"(42, 15, 71)",0.3163472445550027
"(41, 16, 73)",0.31758528300272587
"(42, 16, 73)",0.3179296235796639
"(41, 18, 77)",0.32792781285983386
"(42, 18, 77)",0.32860567454386064
"(41, 20, 81)",0.331682914374237
"(42, 20, 81)",0.3324506981026693
"(41, 22, 85)",0.34863683396995876
"(42, 22, 85)",0.3492959646610472
"(41, 24, 89)",0.3531461727688669
"(42, 24, 89)",0.3533501596039635
"(41, 26, 93)",0.35900934903988097
"(42, 26, 93)",0.35958007706222994
"(41, 27, 95)",0.35986207258014075
"(42, 27, 95)",0.3607163873009751
"(41, 29, 99)",0.3734223786326232
"(42, 29, 99)",0.37420626824083253
"(41, 52, 67)",0.4312855518523307
"(42, 52, 67)",0.43144966430420073
"(41, 58, 70)",0.446393061326565
"(42, 58, 70)",0.4463985916627637
"(41, 60, 71)",0.4475873270065715
"(42, 60, 71)",0.44778428721285385
"(41, 70, 76)",0.45579611292050876
"(42, 70, 76)",0.45601489671941065
"(41, 74, 78)",0.45741882615140866
"(42, 74, 78)",0.458150140073413
"(41, 76, 79)",0.45838177362376037
"(42, 76, 79)",0.4584897676858973
"(41, 78, 80)",0.4588185020809917
"(42, 78, 80)",0.4595400717782816
"(41, 80, 81)",0.45920606281693416
"(42, 80, 81)",0.4600011532366956
"(41, 84, 86)",0.48517479421488474
"(42, 84, 86)",0.48561819561380587
"(41, 85, 88)",0.48611370072224136
"(42, 85, 88)",0.4871461745525672
"(41, 86, 90)",0.4870971498608407
"(42, 86, 90)",0.4881629005916735
"(41, 87, 92)",0.4884378214847384
"(42, 87, 92)",0.4890801155445124
"(41, 88, 94)",0.49039524010620217
"(42, 88, 94)",0.49054463392052067
"(41, 90, 98)",0.4926595597124763
"(42, 90, 98)",0.4938342171625929
"(42, 15, 72)",0.3156041464201909
"(43, 15, 72)",0.31570644098648937
"(42, 16, 74)",0.3171428353817407
"(43, 16, 74)",0.3174124581497134
"(42, 18, 78)",0.32699954413416815
"(43, 18, 78)",0.3274038270157381
"(42, 19, 80)",0.3287784198111434
"(43, 19, 80)",0.3295787555734523
"(42, 20, 82)",0.33104153158003996
"(43, 20, 82)",0.33145292413935645
"(42, 22, 86)",0.3479227640371851
"(43, 22, 86)",0.3485439377854896
"(42, 24, 90)",0.35214569766161546
"(43, 24, 90)",0.3524775593185013
"(42, 25, 92)",0.3537617768521402
"(43, 25, 92)",0.3544399541380973
"(42, 26, 94)",0.3580491280451956
"(43, 26, 94)",0.3586662190352468
"(42, 27, 96)",0.35941308366458785
"(43, 27, 96)",0.3602689404559291
"(42, 50, 67)",0.42845665577839137
"(43, 50, 67)",0.42871492233019676
"(42, 54, 69)",0.4319017286806374
"(43, 54, 69)",0.43206605968876083
"(42, 60, 72)",0.44639786961356437
"(43, 60, 72)",0.4468630631529374
"(42, 66, 75)",0.4516534550840712
"(43, 66, 75)",0.4520199434054671
"(42, 76, 80)",0.4574507685339762
"(43, 76, 80)",0.45822952565724107
"(42, 78, 81)",0.45841908291525635
"(43, 78, 81)",0.4585313900795254
"(42, 80, 82)",0.45883952905870745
"(43, 80, 82)",0.4596327952843849
"(42, 82, 83)",0.45921155317666157
"(43, 82, 83)",0.4600621952045307
"(42, 86, 88)",0.48511112987830235
"(43, 86, 88)",0.48559956658393594
"(42, 87, 90)",0.4860358263803934
"(43, 87, 90)",0.4870483966588117
"(42, 88, 92)",0.48703559307397687
"(43, 88, 92)",0.4881146074845682
"(42, 89, 94)",0.488387691783529
"(43, 89, 94)",0.4890304920155793
"(42, 90, 96)",0.488387691783529
"(43, 90, 96)",0.4890304920155793
"(42, 90, 96)",0.4896671312801395
"(43, 90, 96)",0.48994706990337117
"(42, 92, 100)",0.4925993283100812
"(43, 92, 100)",0.4933984507406057
"(43, 12, 67)",0.28631651096634203
"(44, 12, 67)",0.2864103616877316
"(43, 16, 75)",0.31656063087225944
"(44, 16, 75)",0.31673683628899946
"(43, 17, 77)",0.3177935263936238
"(44, 17, 77)",0.31820488489862814
"(43, 19, 81)",0.3280689207820297
"(44, 19, 81)",0.3288805355750242
"(43, 20, 83)",0.3302879357066785
"(44, 20, 83)",0.3306710404838807
"(43, 21, 85)",0.33171040769028354
"(44, 21, 85)",0.33249174467665693
"(43, 23, 89)",0.3485846422933688
"(44, 23, 89)",0.3492193613008972
"(43, 27, 97)",0.35875360017576724
"(44, 27, 97)",0.3593359808893799
"(43, 28, 99)",0.35968175912636013
"(44, 28, 99)",0.36070325581415785
"(43, 38, 62)",0.34556487758796944
"(44, 38, 62)",0.3457036078229334
"(43, 54, 70)",0.4310036675483382
"(44, 54, 70)",0.43106581813810246
"(43, 56, 71)",0.4322240484928419
"(44, 56, 71)",0.43254003183080963
"(43, 62, 74)",0.44700382796179516
"(44, 62, 74)",0.44741440448608966
"(43, 68, 77)",0.4517886595004597
"(44, 68, 77)",0.45238079242666424
"(43, 76, 81)",0.4571362675250707
"(44, 76, 81)",0.45735261508264086
"(43, 78, 82)",0.4574661281326855
"(44, 78, 82)",0.4582175679655702
"(43, 80, 83)",0.45838345975943184
"(44, 80, 83)",0.4586165261250114
"(43, 82, 84)",0.4588596756647964
"(44, 82, 84)",0.45968623215960863
"(43, 84, 85)",0.45922681842045066
"(44, 84, 85)",0.46016990027638777
"(43, 88, 90)",0.4850615221664627
"(44, 88, 90)",0.4855803359875443
"(43, 89, 92)",0.4859367389999272
"(44, 89, 92)",0.48703060257808306
"(43, 90, 94)",0.48701082647646926
"(44, 90, 94)",0.4880508781722772
"(43, 91, 96)",0.48834803066567906
"(44, 91, 96)",0.48895237287955867
"(43, 92, 98)",0.4890881150194637
"(44, 92, 98)",0.4899221244893221
"(43, 93, 100)",0.4910001757161655
"(44, 93, 100)",0.4913783353491066
"(44, 12, 68)",0.2858521740920414
"(45, 12, 68)",0.2859695542774276
"(44, 17, 78)",0.31740153429743634
"(45, 17, 78)",0.31778106296225656
"(44, 19, 82)",0.32745193039875514
"(45, 19, 82)",0.32790952194459466
"(44, 20, 84)",0.3292087403348299
"(45, 20, 84)",0.3298315371577049
"(44, 21, 86)",0.33122824266762513
"(45, 21, 86)",0.33167705334613695
"(44, 23, 90)",0.347827885740358
"(45, 23, 90)",0.3485383057255907
"(44, 24, 56)",0.3119828040723916
"(45, 24, 56)",0.3120633172954383
"(44, 25, 94)",0.35146676568658813
"(45, 25, 94)",0.35224182321224573
"(44, 26, 96)",0.35362041788436605
"(45, 26, 96)",0.35425937154724824
"(44, 28, 100)",0.3590654650152853
"(45, 28, 100)",0.35975102216205707
"(44, 40, 64)",0.3479389949871323
"(45, 40, 64)",0.34813436572803663
"(44, 50, 69)",0.42502873504316235
"(45, 50, 69)",0.42517851461498707
"(44, 52, 70)",0.42833937934105726
"(45, 52, 70)",0.4286084678738929
"(44, 56, 72)",0.4309868895850642
"(45, 56, 72)",0.43170307579182593
"(44, 62, 75)",0.4463222424659186
"(45, 62, 75)",0.4463820487488963
"(44, 64, 76)",0.44717301807936627
"(45, 64, 76)",0.4472918244823769
"(44, 70, 79)",0.45187372349979654
"(45, 70, 79)",0.4523742385847138
"(44, 78, 83)",0.4571555696293161
"(45, 78, 83)",0.45740560366684785
"(44, 80, 84)",0.457896805184316
"(45, 80, 84)",0.45824006933784167
"(44, 82, 85)",0.458397756433446
"(45, 82, 85)",0.45894491019077477
"(44, 84, 86)",0.45890677654917816
"(45, 84, 86)",0.45973018835498297
"(44, 86, 87)",0.45923534309523517
"(45, 86, 87)",0.46019962099036055
"(44, 90, 92)",0.4850428325674205
"(45, 90, 92)",0.4855650637522791
"(44, 91, 94)",0.48589617576517696
"(45, 91, 94)",0.48695874127351857
"(44, 92, 96)",0.4868671653255146
"(45, 92, 96)",0.48797039236594114
"(44, 93, 98)",0.48829870295002853
"(45, 93, 98)",0.4888456195110891
"(44, 94, 100)",0.4890343404525938
"(45, 94, 100)",0.4898417821322352
"(45, 16, 77)",0.3154761018680204
"(46, 16, 77)",0.31567610126103657
"(45, 17, 79)",0.3169841559281188
"(46, 17, 79)",0.3172675080040066
"(45, 19, 83)",0.3266013325245001
"(46, 19, 83)",0.3268637870532207
"(45, 20, 85)",0.3282204167648754
"(46, 20, 85)",0.32907367388171266
"(45, 21, 87)",0.3303433745724204
"(46, 21, 87)",0.33094531545065226
"(45, 22, 89)",0.33173693991717484
"(46, 22, 89)",0.33253885376928954
"(45, 24, 93)",0.3484958235722666
"(46, 24, 93)",0.34918341607718667
"(45, 56, 73)",0.43073742360034806
"(46, 56, 73)",0.43102892477477456
"(45, 58, 74)",0.4319888340994554
"(46, 58, 74)",0.4322821522955896
"(45, 64, 77)",0.4465223884775984
"(46, 64, 77)",0.44686605199746604
"(45, 66, 78)",0.4476355380790124
"(46, 66, 78)",0.4479366497604798
"(45, 72, 81)",0.4518476710143205
"(46, 72, 81)",0.45214460222717534
"(45, 80, 85)",0.4572725189984835
"(46, 80, 85)",0.45737344245401196
"(45, 82, 86)",0.4581993828972178
"(46, 82, 86)",0.45840934284486545
"(45, 84, 87)",0.4585153547130762
"(46, 84, 87)",0.4591255075179473
"(45, 86, 88)",0.4589108638037891
"(46, 86, 88)",0.4597731015175022
"(45, 88, 89)",0.45923804260485296
"(46, 88, 89)",0.4602272509984208
"(45, 92, 94)",0.4850143897617092
"(46, 92, 94)",0.48554372000638685
"(45, 93, 96)",0.4858121847058265
"(46, 93, 96)",0.4868850590080462
"(45, 94, 98)",0.4867167610579701
"(46, 94, 98)",0.4879158255572513
"(45, 95, 100)",0.48796704596303564
"(46, 95, 100)",0.4887306149804495
"(46, 10, 66)",0.27732957441332723
"(47, 10, 66)",0.27747794756233324
"(46, 13, 72)",0.2865831859286282
"(47, 13, 72)",0.286647369702753
"(46, 17, 80)",0.31641721743760404
"(47, 17, 80)",0.3166483928109114
"(46, 18, 82)",0.31767358252172534
"(47, 18, 82)",0.31803059594157806
"(46, 20, 86)",0.3276545781775418
"(47, 20, 86)",0.328128166062741
"(46, 21, 88)",0.32949251304006616
"(47, 21, 88)",0.32996840279558615
"(46, 22, 90)",0.3312570438640943
"(47, 22, 90)",0.33178686062675616
"(46, 24, 94)",0.3477953182848032
"(47, 24, 94)",0.348530819900499
"(46, 25, 96)",0.34889471171878617
"(47, 25, 96)",0.3498137314483809
"(46, 26, 98)",0.3513628035500826
"(47, 26, 98)",0.35186394605896587
"(46, 27, 100)",0.3531780028864191
"(47, 27, 100)",0.3539870647509841
"(46, 42, 67)",0.3482013765275687
"(47, 42, 67)",0.34831858985352726
"(46, 48, 70)",0.4215493494463875
"(47, 48, 70)",0.4215774166969009
"(46, 52, 72)",0.42486275131184964
"(47, 52, 72)",0.4249687553726407
"(46, 58, 75)",0.4311305859883911
"(47, 58, 75)",0.4314111013369775
"(46, 60, 76)",0.4322560285287221
"(47, 60, 76)",0.432642471874725
"(46, 66, 79)",0.4468426037876008
"(47, 66, 79)",0.4472938813249758
"(46, 68, 80)",0.44799389660932926
"(47, 68, 80)",0.44809614441906875
"(46, 72, 82)",0.451598988508388
"(47, 72, 82)",0.4518361862181017
"(46, 76, 84)",0.45390030645526686
"(47, 76, 84)",0.4540453976146875
"(46, 82, 87)",0.45736770251046655
"(47, 82, 87)",0.4578102154878431
"(46, 84, 88)",0.45820984778692475
"(47, 84, 88)",0.4585226258285784
"(46, 86, 89)",0.45863257245313277
"(47, 86, 89)",0.45915147155482106
"(46, 88, 90)",0.4589658801271899
"(47, 88, 90)",0.4598790374204674
"(46, 90, 91)",0.4592382232877041
"(47, 90, 91)",0.4602579783047129
"(46, 94, 96)",0.4849834214228073
"(47, 94, 96)",0.4855204439115594
"(46, 95, 98)",0.48574002277227235
"(47, 95, 98)",0.48684972986056296
"(46, 96, 100)",0.48668698141619565
"(47, 96, 100)",0.4878814029407131
"(47, 10, 67)",0.2770656984699217
"(48, 10, 67)",0.2771543343928321
"(47, 10, 97)",0.29751000124698307
"(48, 10, 97)",0.29759425675706247
"(47, 13, 73)",0.2861946483865239
"(48, 13, 73)",0.28622911995278993
"(47, 17, 81)",0.3158119251080631
"(48, 17, 81)",0.3160670685106289
"(47, 18, 83)",0.3172194563443433
"(48, 18, 83)",0.3176545760886941
"(47, 20, 87)",0.32671119574800317
"(48, 20, 87)",0.3275214863465921
"(47, 21, 89)",0.3284777237759357
"(48, 21, 89)",0.3292973404072083
"(47, 22, 91)",0.3304202686799675
"(48, 22, 91)",0.33101666806204527
"(47, 23, 93)",0.33175533325431783
"(48, 23, 93)",0.332612156958713
"(47, 25, 97)",0.34840611422852397
"(48, 25, 97)",0.3491639486844183
"(47, 50, 72)",0.4222101807117596
"(48, 50, 72)",0.4224191743591917
"(47, 56, 75)",0.4284675796904464
"(48, 56, 75)",0.42891699134390554
"(47, 58, 76)",0.4304698480983575
"(48, 58, 76)",0.43053695810326126
"(47, 60, 77)",0.43146617164311657
"(48, 60, 77)",0.4320050163374529
"(47, 66, 80)",0.446270237247613
"(48, 66, 80)",0.446340274590727
"(47, 68, 81)",0.44705000073977663
"(48, 68, 81)",0.44754096702464347
"(47, 74, 84)",0.45167268278698763
"(48, 74, 84)",0.4523604411820789
"(47, 78, 86)",0.4539791928388386
"(48, 78, 86)",0.45426560591444526
"(47, 80, 87)",0.45577325206648567
"(48, 80, 87)",0.4562940128412866
"(47, 84, 89)",0.45740050472777444
"(48, 84, 89)",0.45807374560144337
"(47, 86, 90)",0.4582406382983313
"(48, 86, 90)",0.4585647196735783
"(47, 88, 91)",0.4586383802534475
"(48, 88, 91)",0.4591523989286679
"(47, 90, 92)",0.4590201748573655
"(48, 90, 92)",0.45989260674904453
"(47, 92, 93)",0.459244638763819
"(48, 92, 93)",0.4602814512925461
"(47, 96, 98)",0.4849558381528751
"(48, 96, 98)",0.4855074131372679
"(47, 97, 100)",0.4857119502021456
"(48, 97, 100)",0.48680970077407365
"(48, 10, 68)",0.2767805190295164
"(49, 10, 68)",0.2768998787435574
"(48, 13, 74)",0.2857800508059853
"(49, 13, 74)",0.2858397869664815
"(48, 17, 82)",0.315432551318987
"(49, 17, 82)",0.31560820877207724
"(48, 17, 82)",0.315432551318987
"(49, 17, 82)",0.31560820877207724
"(48, 18, 84)",0.31681802025856354
"(49, 18, 84)",0.3170934456699999
"(48, 19, 86)",0.3178024619682333
"(49, 19, 86)",0.3182840046934063
"(48, 21, 90)",0.32781766575744514
"(49, 21, 90)",0.3287033997780205
"(48, 22, 92)",0.3295506156100587
"(49, 22, 92)",0.3300777818357608
"(48, 23, 94)",0.331277500005975
"(49, 23, 94)",0.3319659870200727
"(48, 25, 98)",0.34775587363937316
"(49, 25, 98)",0.34852249889016645
"(48, 26, 100)",0.34884945318454114
"(49, 26, 100)",0.3498099106637733
"(48, 42, 69)",0.3451652670265181
"(49, 42, 69)",0.34540944389615236
"(48, 44, 70)",0.348368353514825
"(49, 44, 70)",0.3485909209237474
"(48, 46, 71)",0.35119620264414914
"(49, 46, 71)",0.3512482404269141
"(48, 50, 73)",0.4214454599132909
"(49, 50, 73)",0.42156560646340147
"(48, 52, 74)",0.4230810369740546
"(49, 52, 74)",0.42326531635365616
"(48, 54, 75)",0.424808376245383
"(49, 54, 75)",0.4249255887462438
"(48, 60, 78)",0.43081660832818014
"(49, 60, 78)",0.4312279001692725
"(48, 62, 79)",0.4320171184118014
"(49, 62, 79)",0.43243240051928494
"(48, 68, 82)",0.4464247909703001
"(49, 68, 82)",0.44688553692936916
"(48, 70, 83)",0.4474801587338848
"(49, 70, 83)",0.4477104914589251
"(48, 76, 86)",0.451806998379116
"(49, 76, 86)",0.45256381404049567
"(48, 82, 89)",0.451806998379116
"(49, 82, 89)",0.45256381404049567
"(48, 86, 91)",0.4574200127044485
"(49, 86, 91)",0.4582038749448234
"(48, 88, 92)",0.45823056779817345
"(49, 88, 92)",0.4585763201492908
"(48, 90, 93)",0.45865698648184733
"(49, 90, 93)",0.459217108194812
"(48, 92, 94)",0.45901947506500673
"(49, 92, 94)",0.459899745537152
"(48, 94, 95)",0.45901947506500673
"(49, 94, 95)",0.459899745537152
"(48, 98, 100)",0.48493918764648036
"(49, 98, 100)",0.48548987240564156
"(49, 12, 73)",0.2811363124905953
"(50, 12, 73)",0.28118481885957175
"(49, 15, 79)",0.2923495563663026
"(50, 15, 79)",0.29237548587524315
"(49, 18, 85)",0.3163439380094322
"(50, 18, 85)",0.3165761801533152
"(49, 19, 87)",0.3174569228377542
"(50, 19, 87)",0.31793077175164036
"(49, 21, 91)",0.32699954413416815
"(50, 21, 91)",0.32758364057217
"(49, 22, 93)",0.32859428991911444
"(50, 22, 93)",0.32939099081019235
"(49, 23, 95)",0.33046627890071156
"(50, 23, 95)",0.33108865605408916
"(49, 24, 97)",0.33046627890071156
"(50, 24, 97)",0.3326849116108543
"(49, 52, 75)",0.4221769329113576
"(50, 52, 75)",0.4223984082083476
"(49, 58, 78)",0.4283508802996859
"(50, 58, 78)",0.4287559342006415
"(49, 62, 80)",0.4312487925753909
"(50, 62, 80)",0.4317061173079422
"(49, 64, 81)",0.43227250816819174
"(50, 64, 81)",0.43272013773166734
"(49, 70, 84)",0.44639786961356437
"(50, 70, 84)",0.44724887219803283
"(49, 72, 85)",0.44766010800367323
"(50, 72, 85)",0.44805715730881124
"(49, 76, 87)",0.45137557287023206
"(50, 76, 87)",0.45140473693686206
"(49, 78, 88)",0.45188031102953324
"(50, 78, 88)",0.4524810403710178
"(49, 88, 93)",0.4574738261723505
"(50, 88, 93)",0.45824460390258026
"(49, 90, 94)",0.45819430230172403
"(50, 90, 94)",0.4586211085151007
"(49, 92, 95)",0.4586652747520179
"(50, 92, 95)",0.459258197090469
"(49, 94, 96)",0.45901612322905244
"(50, 94, 96)",0.45990886553167254
"(49, 96, 97)",0.459255167794314
"(50, 96, 97)",0.46032213752032547
"(50, 11, 72)",0.2774329115909751
"(51, 11, 72)",0.277744049836796
"(50, 13, 76)",0.2847467980194894
"(51, 13, 76)",0.2848217808947202
"(50, 14, 78)",0.2864270651550134
"(51, 14, 78)",0.286590104849385
"(50, 18, 86)",0.3157323989835463
"(51, 18, 86)",0.31604357686758405
"(50, 19, 88)",0.31710049708269766
"(51, 19, 88)",0.3174501433752448
"(50, 21, 92)",0.32643813654474324
"(51, 21, 92)",0.32680849395023387
"(50, 22, 94)",0.3279881183270947
"(51, 22, 94)",0.32894964370372715
"(50, 23, 96)",0.3295884424569215
"(51, 23, 96)",0.3301922015296758
"(50, 24, 98)",0.3313089931456633
"(51, 24, 98)",0.33208355197333733
"(50, 44, 72)",0.3453984112445083
"(51, 44, 72)",0.3458416494474001
"(50, 46, 73)",0.3484463433721612
"(51, 46, 73)",0.3488157147107606
"(50, 48, 74)",0.3512803967897386
"(51, 48, 74)",0.3515352745523281
"(50, 52, 76)",0.42137866125338835
"(51, 52, 76)",0.42153620022485766
"(50, 54, 77)",0.42302936730439594
"(51, 54, 77)",0.42318185317573326
"(50, 56, 78)",0.4246428445639338
"(51, 56, 78)",0.4248093062049256
"(50, 62, 81)",0.4305383740304738
"(51, 62, 81)",0.43104357520890263
"(50, 64, 82)",0.4315329299024622
"(51, 64, 82)",0.43211479031378214
"(50, 70, 85)",0.44623446852276977
"(51, 70, 85)",0.44635017759223244
"(50, 72, 86)",0.44694132319429175
"(51, 72, 86)",0.4474883084673904
"(50, 74, 87)",0.4480159092497587
"(51, 74, 87)",0.4482718097556839
"(50, 78, 89)",0.4515242217568099
"(51, 78, 89)",0.4518416637128506
"(50, 80, 90)",0.4518476710143205
"(51, 80, 90)",0.4522108109472598
"(50, 82, 91)",0.4537002589367085
"(51, 82, 91)",0.45371550404088484
"(50, 88, 94)",0.45704711419874106
"(51, 88, 94)",0.45738550433450015
"(50, 90, 95)",0.457472346913324
"(51, 90, 95)",0.45821638714814444
"(50, 92, 96)",0.458234908260801
"(51, 92, 96)",0.4586474159227967
"(50, 94, 97)",0.45868285822360816
"(51, 94, 97)",0.4592867385687336
"(50, 96, 98)",0.45902290130521556
"(51, 96, 98)",0.45996212995681
"(50, 98, 99)",0.45925604310006213
"(51, 98, 99)",0.4603350478246188
"(51, 11, 73)",0.2772500051744807
"(52, 11, 73)",0.2774292603898492
"(51, 14, 79)",0.2860502547716072
"(52, 14, 79)",0.28619010042310156
"(51, 16, 83)",0.29300877049371715
"(52, 16, 83)",0.29304703508096047
"(51, 18, 87)",0.315263435982231
"(52, 18, 87)",0.31554247079111025
"(51, 19, 89)",0.3165793851548672
"(52, 19, 89)",0.31696474885655007
"(51, 20, 91)",0.3177235339797106
"(52, 20, 91)",0.31812749554097136
"(51, 22, 95)",0.32743669180667073
"(52, 22, 95)",0.32795917196249663
"(51, 23, 97)",0.32865976718196216
"(52, 23, 97)",0.3296260417137548
"(51, 24, 99)",0.3306286605731243
"(52, 24, 99)",0.3313140922776424
"(51, 38, 70)",0.32855356504518457
"(52, 38, 70)",0.32856045207170265
"(51, 48, 75)",0.3500809420292124
"(52, 48, 75)",0.35031876411320395
"(51, 54, 78)",0.4221360988236891
"(52, 54, 78)",0.4223364777247413
"(51, 58, 80)",0.4250388228625146
"(52, 58, 80)",0.4254528426720947
"(51, 60, 81)",0.4280312460140188
"(52, 60, 81)",0.42865936148784994
"(51, 64, 83)",0.4309918936235426
"(52, 64, 83)",0.43130217369610596
"(51, 66, 84)",0.43208099688006946
"(52, 66, 84)",0.4323220339462523
"(51, 72, 87)",0.44636163435082815
"(52, 72, 87)",0.4468326563632838
"(51, 74, 88)",0.4470907672645319
"(52, 74, 88)",0.44733588426126253
"(51, 76, 89)",0.44819803628672017
"(52, 76, 89)",0.44834528117877204
"(51, 78, 90)",0.4505865775167897
"(52, 78, 90)",0.4506962489490409
"(51, 80, 91)",0.45163727891502226
"(52, 80, 91)",0.45236285146720107
"(51, 84, 93)",0.4538038389583327
"(52, 84, 93)",0.4540449672794609
"(51, 90, 96)",0.4571053369616098
"(52, 90, 96)",0.4574540687499005
"(51, 92, 97)",0.4574201242084639
"(52, 92, 97)",0.4582943574369854
"(51, 94, 98)",0.45825116679944755
"(52, 94, 98)",0.458644690339751
"(51, 96, 99)",0.4586532171701982
"(52, 96, 99)",0.4592998853060071
"(51, 98, 100)",0.45902514362799773
"(52, 98, 100)",0.45997821620356644
"(52, 10, 72)",0.27307611829680123
"(53, 10, 72)",0.2731968156296212
"(52, 11, 74)",0.2769932201651533
"(53, 11, 74)",0.2771131209103735
"(52, 14, 80)",0.2856452902563551
"(53, 14, 80)",0.28574188448657845
"(52, 19, 90)",0.31623706945882657
"(53, 19, 90)",0.3164818057184656
"(52, 20, 92)",0.31733723853758167
"(53, 20, 92)",0.31777973056942516
"(52, 22, 96)",0.32664437027579135
"(53, 22, 96)",0.32743427857876456
"(52, 23, 98)",0.3280782228518953
"(53, 23, 98)",0.3290684842500687
"(52, 24, 100)",0.3299358225670507
"(53, 24, 100)",0.330294796108962
"(52, 46, 75)",0.3455844824535779
"(53, 46, 75)",0.3461196803746199
"(52, 48, 76)",0.3489779252589344
"(53, 48, 76)",0.34907748030935387
"(52, 50, 77)",0.3513774285488374
"(53, 50, 77)",0.3516388860195739
"(52, 54, 79)",0.4213830242876962
"(53, 54, 79)",0.4215505698017179
"(52, 56, 80)",0.4229470995762596
"(53, 56, 80)",0.4230735117033602
"(52, 62, 83)",0.42847657017421414
"(53, 62, 83)",0.4290001052768441
"(52, 64, 84)",0.430209494727259
"(53, 64, 84)",0.430543849439425
"(52, 66, 85)",0.43131833039592976
"(53, 66, 85)",0.43197194850472403
"(52, 68, 86)",0.4322983280828696
"(53, 68, 86)",0.43280871794625164
"(52, 74, 89)",0.4465295204492967
"(53, 74, 89)",0.4469371008196295
"(52, 76, 90)",0.44755305741998447
"(53, 76, 90)",0.44797024155145565
"(52, 82, 93)",0.45173269367097985
"(53, 82, 93)",0.4524872658001144
"(52, 86, 95)",0.4539230802535242
"(53, 86, 95)",0.454478671082792
"(52, 92, 98)",0.4571433891936614
"(53, 92, 98)",0.45749926230004817
"(52, 94, 99)",0.45744058641439983
"(53, 94, 99)",0.4583125448051973
"(52, 96, 100)",0.45832887426803165
"(53, 96, 100)",0.45872954575149655
"(53, 11, 75)",0.27675080870929114
"(54, 11, 75)",0.2768957941212928
"(53, 13, 79)",0.2811476991828859
"(54, 13, 79)",0.28128834654163004
"(53, 15, 83)",0.28659807855639485
"(54, 15, 83)",0.2867417648504146
"(53, 19, 91)",0.3156661887425581
"(54, 19, 91)",0.3159705366671937
"(53, 20, 93)",0.3169720349329818
"(54, 20, 93)",0.31733139702876945
"(53, 21, 95)",0.3178087363536434
"(54, 21, 95)",0.31838394199040015
"(53, 23, 99)",0.3275192116812187
"(54, 23, 99)",0.32823577030484524
"(53, 46, 76)",0.3447728798084923
"(54, 46, 76)",0.344860366013612
"(53, 48, 77)",0.3478165211896509
"(54, 48, 77)",0.348213638558636
"(53, 50, 78)",0.3503926334412723
"(54, 50, 78)",0.35041381148943423
"(53, 56, 81)",0.4220868946203568
"(54, 56, 81)",0.4223118752819303
"(53, 60, 83)",0.4249225876808374
"(54, 60, 83)",0.42528390056349724
"(53, 62, 84)",0.42785548827385506
"(54, 62, 84)",0.42789232448360365
"(53, 66, 86)",0.43074588702424715
"(54, 66, 86)",0.43123868659387155
"(53, 68, 87)",0.4315956029398593
"(54, 68, 87)",0.4322845875654486
"(53, 74, 90)",0.4459393202335782
"(54, 74, 90)",0.4463589189634845
"(53, 76, 91)",0.4468327655548854
"(54, 76, 91)",0.4473905271138004
"(53, 78, 92)",0.4476778156508341
"(54, 78, 92)",0.4481306975101002
"(53, 82, 94)",0.4513354941677841
"(54, 82, 94)",0.4514100955117086
"(53, 84, 95)",0.45182161320666303
"(54, 84, 95)",0.45265613074075545
"(53, 88, 97)",0.45398243425158946
"(54, 88, 97)",0.45466386319836677
"(53, 90, 98)",0.45576463833842923
"(54, 90, 98)",0.4563531726268051
"(53, 94, 100)",0.45715696277311074
"(54, 94, 100)",0.4578577552428002
"(54, 13, 80)",0.2809182670404349
"(55, 13, 80)",0.2809407750747867
"(54, 14, 82)",0.28471918789090267
"(55, 14, 82)",0.28480259569821587
"(54, 15, 84)",0.2862514623079721
"(55, 15, 84)",0.28648392823192875
"(54, 17, 88)",0.2930444147075531
"(55, 17, 88)",0.2931909086834011
"(54, 19, 92)",0.3151248468201944
"(55, 19, 92)",0.31552028557707773
"(54, 20, 94)",0.3164946125075242
"(55, 20, 94)",0.3167501281737105
"(54, 21, 96)",0.3175318145673997
"(55, 21, 96)",0.3180217395181963
"(54, 23, 100)",0.32671804815421474
"(55, 23, 100)",0.32775850844297044
"(54, 46, 77)",0.3434096021626472
"(55, 46, 77)",0.34369936782652594
"(54, 48, 78)",0.34611138621760373
"(55, 48, 78)",0.3463660906995203
"(54, 52, 80)",0.35141867266657073
"(55, 52, 80)",0.3517266553470742
"(54, 56, 82)",0.4212858803252149
"(55, 56, 82)",0.42154232462852664
"(54, 58, 83)",0.4228697303383919
"(55, 58, 83)",0.4229928985482363
"(54, 64, 86)",0.4283775153218801
"(55, 64, 86)",0.42885860880633503
"(54, 68, 88)",0.4311098757306317
"(55, 68, 88)",0.43154022196381986
"(54, 70, 89)",0.43212322259949326
"(55, 70, 89)",0.432632778823901
"(54, 76, 92)",0.44630408848757014
"(55, 76, 92)",0.44680803128078656
"(54, 78, 93)",0.4470267905617113
"(55, 78, 93)",0.44762376903855167
"(54, 80, 94)",0.4480487401603481
"(55, 80, 94)",0.4483701432017387
"(54, 84, 96)",0.4514302304035407
"(55, 84, 96)",0.4517926874644149
"(54, 86, 97)",0.4518834669559782
"(55, 86, 97)",0.4525594412755481
"(54, 92, 100)",0.4557848106711327
"(55, 92, 100)",0.45673286937874513
"(55, 12, 79)",0.2773643385444025
"(56, 12, 79)",0.27764814641907853
"(55, 15, 85)",0.2858521740920414
"(56, 15, 85)",0.2861064469487515
"(55, 20, 95)",0.31608379553431165
"(56, 20, 95)",0.3163574811770783
"(55, 21, 97)",0.3171716882386333
"(56, 21, 97)",0.3176775034629611
"(55, 30, 70)",0.3119828040723916
"(56, 30, 70)",0.31224429189744624
"(55, 42, 76)",0.3300175457802383
"(56, 42, 76)",0.33005577986813545
"(55, 48, 79)",0.34507889736331826
"(56, 48, 79)",0.34559430616549297
"(55, 50, 80)",0.3479389949871323
"(56, 50, 80)",0.34833354722393267
"(55, 52, 81)",0.3504501341709212
"(56, 52, 81)",0.3505094196098864
"(55, 54, 82)",0.35224732572551604
"(56, 54, 82)",0.35229693182499283
"(55, 58, 84)",0.42203974234470065
"(56, 58, 84)",0.42229156666230633
"(55, 62, 86)",0.42484690106948025
"(56, 62, 86)",0.4251767086362426
"(55, 68, 89)",0.43049663162832713
"(56, 68, 89)",0.4310673317748952
"(55, 70, 90)",0.4309868895850642
"(56, 70, 90)",0.43183608782870175
"(55, 72, 91)",0.4323176349384921
"(56, 72, 91)",0.4331181196132046
"(55, 78, 94)",0.4464333509294716
"(56, 78, 94)",0.4469724485413469
"(55, 80, 95)",0.44717301807936627
"(56, 80, 95)",0.4477881598758766
"(55, 82, 96)",0.44822025525335835
"(56, 82, 96)",0.44840757318475183
"(55, 84, 97)",0.45064988541504664
"(56, 84, 97)",0.450796306926101
"(55, 86, 98)",0.4515536715396448
"(56, 86, 98)",0.4520989488761303
"(55, 88, 99)",0.4518476710143205
"(56, 88, 99)",0.45230259693660974
"(55, 90, 100)",0.4536796146135175
"(56, 90, 100)",0.4537328038623732
"(56, 10, 76)",0.2708391571459409
"(57, 10, 76)",0.27098031077584667
"(56, 11, 78)",0.2734403708817347
"(57, 11, 78)",0.2735441311448804
"(56, 12, 80)",0.27714908068396565
"(57, 12, 80)",0.2773253813601328
"(56, 15, 86)",0.28557771179836006
"(57, 15, 86)",0.2856758855560238
"(56, 20, 96)",0.3156041464201909
"(57, 20, 96)",0.3159127654195772
"(56, 21, 98)",0.31681802025856354
"(57, 21, 98)",0.3171769021039002
"(56, 22, 100)",0.31773345300457906
"(57, 22, 100)",0.31821857186881336
"(56, 54, 83)",0.3514518169988499
"(57, 54, 83)",0.35184871205007107
"(56, 58, 85)",0.4211410790204777
"(57, 58, 85)",0.42152660613610543
"(56, 60, 86)",0.42282138735982416
"(57, 60, 86)",0.4228949840672495
"(56, 66, 89)",0.42827006233389914
"(57, 66, 89)",0.4287802070099019
"(56, 70, 91)",0.43081660832818014
"(57, 70, 91)",0.4312379648966819
"(56, 72, 92)",0.4319017286806374
"(57, 72, 92)",0.43242792181375184
"(56, 78, 95)",0.4459005187337242
"(57, 78, 95)",0.4463253989907284
"(56, 80, 96)",0.44639786961356437
"(57, 80, 96)",0.44733902541174836
"(56, 82, 97)",0.4476050126372551
"(57, 82, 97)",0.4481148361821898
"(56, 86, 99)",0.4506979073918618
"(57, 86, 99)",0.4509157419320767
"(56, 88, 100)",0.4516534550840712
"(57, 88, 100)",0.45242361161042305
"(57, 10, 77)",0.2705784097556801
"(58, 10, 77)",0.27070018091379255
"(57, 11, 79)",0.2730982708432753
"(58, 11, 79)",0.27331219989236527
"(57, 12, 81)",0.27689254611381736
"(58, 12, 81)",0.27709723756123955
"(57, 14, 85)",0.28116614632483394
"(58, 14, 85)",0.28133107791859163
"(57, 16, 89)",0.28650231671079657
"(58, 16, 89)",0.2867595192276005
"(57, 20, 97)",0.31509863665523086
"(58, 20, 97)",0.3154888729245443
"(57, 21, 99)",0.3163752438051754
"(58, 21, 99)",0.3166737443418188
"(57, 50, 82)",0.34524978031968173
"(58, 50, 82)",0.3458377823928907
"(57, 52, 83)",0.34817482022772367
"(58, 52, 83)",0.3485878260219566
"(57, 54, 84)",0.35050699130120133
"(58, 54, 84)",0.3506706514632671
"(57, 56, 85)",0.3522671422922851
"(58, 56, 85)",0.3524360193412665
"(57, 60, 87)",0.42189521368690325
"(58, 60, 87)",0.4222673061368363
"(57, 62, 88)",0.42313349044665954
"(58, 62, 88)",0.4234078742481233
"(57, 64, 89)",0.4247596643829414
"(58, 64, 89)",0.42500747843607894
"(57, 68, 91)",0.42848711840129555
"(58, 68, 91)",0.4290949140507871
"(57, 70, 92)",0.4301925029271567
"(58, 70, 92)",0.43056285455840076
"(57, 72, 93)",0.431181938894773
"(58, 72, 93)",0.4319482030662718
"(57, 74, 94)",0.4321514959334974
"(58, 74, 94)",0.43270843833895367
"(57, 80, 97)",0.4462673475703389
"(58, 80, 97)",0.44674209927519287
"(57, 82, 98)",0.4468769584816577
"(58, 82, 98)",0.44755977017839976
"(57, 84, 99)",0.44784081365297174
"(58, 84, 99)",0.44827889830120565
"(58, 10, 78)",0.2703355989482436
"(59, 10, 78)",0.27041366595562216
"(58, 11, 80)",0.27291467397219016
"(59, 11, 80)",0.2730370026531596
"(58, 12, 82)",0.2766836634314959
"(59, 12, 82)",0.27689870069906186
"(58, 14, 86)",0.28093625870391176
"(59, 14, 86)",0.28106887804267117
"(58, 15, 88)",0.2846996555038159
"(59, 15, 88)",0.2848014854946138
"(58, 16, 90)",0.28615136143478503
"(59, 16, 90)",0.28631601598016077
"(58, 18, 94)",0.2928502952747103
"(59, 18, 94)",0.2929381182805207
"(58, 21, 100)",0.315822360626458
"(59, 21, 100)",0.31620086961571847
"(58, 56, 86)",0.3514999980230645
"(59, 56, 86)",0.3519215484566988
"(58, 60, 88)",0.42111620370281494
"(59, 60, 88)",0.4215068117745617
"(58, 62, 89)",0.4227794943479248
"(59, 62, 89)",0.4228862077344453
"(58, 66, 91)",0.42504395195364125
"(59, 66, 91)",0.42565746493486745
"(58, 68, 92)",0.4278947040470138
"(59, 68, 92)",0.4286052414611374
"(58, 72, 94)",0.4306053224349455
"(59, 72, 94)",0.4311778506647739
"(58, 74, 95)",0.43144993234821777
"(59, 74, 95)",0.4321293028941598
"(58, 76, 96)",0.43233083031573055
"(59, 76, 96)",0.4332299079203974
"(58, 82, 99)",0.4463973255065326
"(59, 82, 99)",0.4469595683950412
"(58, 84, 100)",0.4470634656827279
"(59, 84, 100)",0.4473666066559208
"(59, 13, 85)",0.2774422417065372
"(60, 13, 85)",0.2778191004993106
"(59, 16, 91)",0.28579124799809424
"(60, 16, 91)",0.28602934558499166
"(59, 18, 95)",0.2922999444275723
"(60, 18, 95)",0.2924496468673099
"(59, 42, 80)",0.325916714784097
"(60, 42, 80)",0.32600075433105
"(59, 44, 81)",0.32858012371790174
"(60, 44, 81)",0.32879431940375886
"(59, 50, 84)",0.34327810678754217
"(60, 50, 84)",0.34353164339786546
"(59, 52, 85)",0.34543808455390224
"(60, 52, 85)",0.34607636476803183
"(59, 54, 86)",0.34833110226493263
"(60, 54, 86)",0.34871574534785005
"(59, 56, 87)",0.35062218526088196
"(60, 56, 87)",0.35089544654105137
"(59, 58, 88)",0.3522890475646497
"(60, 58, 88)",0.35247081468249486
"(59, 62, 90)",0.4217312287103084
"(60, 62, 90)",0.4222197107719457
"(59, 64, 91)",0.4230961492584171
"(60, 64, 91)",0.4234120187083965
"(59, 66, 92)",0.4246123231569922
"(60, 66, 92)",0.4249302128212162
"(59, 70, 94)",0.4284063975206382
"(60, 70, 94)",0.42898959873171355
"(59, 74, 96)",0.4309820494182453
"(60, 74, 96)",0.43145231708968984
"(59, 76, 97)",0.43198069272165746
"(60, 76, 97)",0.4325086687003916
