"(1, 10, 10)",8/9
"(2, 9, 10)",327195/368089
"(1, 11, 11)",8/9
"(2, 10, 11)",11665/13122
"(1, 12, 12)",8/9
"(2, 11, 12)",972/1093
"(1, 28, 28)",0.962962962962962963
"(2, 27, 28)",0.96296301133871666194
"(1, 29, 29)",26/27
"(2, 28, 29)",3070549/3188646
"(1, 30, 30)",26/27
"(2, 29, 30)",7804931246880927673/8105110306037952534
"(1, 31, 31)",26/27
"(2, 30, 31)",20410637783234073942152064117/21195579137608101757147216600
"(1, 32, 32)",26/27
"(2, 31, 32)",52683277994140661551/54709483127359952124
"(1, 33, 33)",26/27
"(2, 32, 33)",62169931/64560240
"(1, 34, 34)",26/27
"(2, 33, 34)",11180787178771821475586983742946168597120525644749336043193882468116367888421417923/11610630703530923996233764322605633554401083427441580830469145396761617887204325771
"(1, 35, 35)",26/27
"(2, 34, 35)",1631880998389/1694577218886
"(1, 36, 36)",26/27
"(2, 35, 36)",297412291456570/308836695750489
"(1, 37, 37)",26/27
"(2, 36, 37)",60302024344876645414093917403838593093141493020017/62618368768939376720930027266522984633306063923121
"(1, 38, 38)",26/27
"(2, 37, 38)",72271271050726904/75047317648410987
"(1, 39, 39)",26/27
"(2, 38, 39)",1951322990285934108/2026277576509488133
"(1, 82, 82)",0.987654320987654321
"(2, 81, 82)",0.9876543210186030938
"(1, 83, 83)",80/81
"(2, 82, 83)",80865463517805158011844436357955913952760294013460867340693/81876281789851272024450493309806635594479751619610161475785
"(1, 84, 84)",80/81
"(2, 83, 84)",4858051934066726093611310031930391686376309874306184489334788214768635785890937950938651463241/4918777571775458691458913371032956052393212086173972147677314106279490572246336722117654036748
"(1, 85, 85)",0.987654320987654321
"(2, 84, 85)",0.98765433653958670956
"(1, 86, 86)",80/81
"(2, 85, 86)",1075058404166326737303826572471766377161989105621636575599326900325451868481863216/1088496628456024124646915405244278145725091469512962916152285747384504134090024085
"(1, 87, 87)",80/81
"(2, 86, 87)",5020969628845/5083731656658
"(1, 88, 88)",0.987654320987654321
"(2, 87, 88)",0.9876543682776788755
"(1, 89, 89)",80/81
"(2, 88, 89)",137347411041318925688970831010039/139064194721846755628642888115516
"(1, 90, 90)",80/81
"(2, 89, 90)",202684742105735952441808081833151/205218214478190858659625114574860
"(1, 91, 91)",0.987654320987654321
"(2, 90, 91)",0.98765474143584949996
"(1, 92, 92)",80/81
"(2, 91, 92)",472690243057605723069301/478598658461235059180166
"(1, 93, 93)",80/81
"(2, 92, 93)",6626753465516038959081662/6709585038812313372696573
"(1, 94, 94)",0.987654320987654321
"(2, 93, 94)",0.9876544626662621668
"(1, 95, 95)",80/81
"(2, 94, 95)",28478609073563053900699155149963959477947967483080158726940901343102529203595976424793919/28834591184361311546427686744709155806415603192372012636894669587653679506209839648890798
"(1, 96, 96)",80/81
"(2, 95, 96)",5394434649461972960230833943702045329586159582414655700154115147661821654423/5461862513209803156057664125747558785641762526228187970203205987095125704680
"(1, 97, 97)",0.987654320987654321
"(2, 96, 97)",0.9876549318940184598
"(1, 98, 98)",80/81
"(2, 97, 98)",2668352842896807277/2701703435345984178
"(1, 99, 99)",80/81
"(2, 98, 99)",135255868365111812640513421080171241366741494214579337/136946372497670416888534905437163920637411718911750840
"(1, 100, 100)",0.987654320987654321
"(2, 99, 100)",0.9876557148929532828
"(2, 5, 5)",2/3
"(3, 4, 5)",39589/59293
"(2, 6, 6)",2/3
"(3, 5, 6)",61/91
"(2, 7, 7)",2/3
"(3, 6, 7)",19953/29524
"(2, 14, 14)",8/9
"(3, 13, 14)",183015128422123/205891146443557
"(2, 15, 15)",8/9
"(3, 14, 15)",34993/39366
"(2, 16, 16)",8/9
"(3, 15, 16)",3889/4374
"(2, 17, 17)",8/9
"(3, 16, 17)",200149340923741645/225141952945498681
"(2, 18, 18)",8/9
"(3, 17, 18)",673/757
"(2, 19, 19)",8/9
"(3, 18, 19)",232705413289056106839256857/261673816513680268606755760
"(2, 20, 20)",8/9
"(3, 19, 20)",5911/6643
"(2, 21, 21)",8/9
"(3, 20, 21)",1508012733101/1694577218886
"(2, 22, 22)",8/9
"(3, 21, 22)",22261943790908021/25015772549498760
"(2, 23, 23)",8/9
"(3, 22, 23)",1202404407768681271/1350851718835253557
"(2, 24, 24)",8/9
"(3, 23, 24)",709565/797157
"(2, 25, 25)",8/9
"(3, 24, 25)",2069158933/2324522934
"(2, 41, 41)",0.962962962962962963
"(3, 40, 41)",0.96296296986734321587
"(2, 42, 42)",26/27
"(3, 41, 42)",6022314688270480/6253941829830813
"(2, 43, 43)",26/27
"(3, 42, 43)",6022315241154589/6253941829830813
"(2, 44, 44)",26/27
"(3, 43, 44)",17561081189682470998/18236498188585393201
"(2, 45, 45)",26/27
"(3, 44, 45)",711222400045228271701/738576786872566785780
"(2, 46, 46)",26/27
"(3, 45, 46)",650412664356771063/675425858836496044
"(2, 47, 47)",0.962962962962962963
"(3, 46, 47)",0.962966881250820757
"(2, 48, 48)",26/27
"(3, 47, 48)",6908813/7174449
"(2, 49, 49)",26/27
"(3, 48, 49)",52683929600249746891/54709494565175048871
"(2, 50, 50)",26/27
"(3, 49, 50)",142336738850414303586282798220594772749/147808829414345923328240875665440226403
"(2, 51, 51)",26/27
"(3, 50, 51)",345659256486050888548117/358948993845926294384760
"(2, 52, 52)",26/27
"(3, 51, 52)",52683858516902218877/54709494565756091031
"(2, 53, 53)",0.962962962962962963
"(3, 52, 53)",0.96296687093252975
"(2, 54, 54)",26/27
"(3, 53, 54)",6397/6643
"(2, 55, 55)",26/27
"(3, 54, 55)",1976898250716916373598460319891665339/2052900408532582268278933439784964851
"(2, 56, 56)",26/27
"(3, 55, 56)",2373823724178182944818069673597686730071115955233440241/2465034704958067503996131454943986712156808124038135533
"(2, 57, 57)",26/27
"(3, 56, 57)",487818445774023910/506560815330201423
"(2, 58, 58)",26/27
"(3, 57, 58)",47248878103419545212808402/49063840596315050363766705
"(2, 59, 59)",0.962962962962962963
"(3, 58, 59)",0.9630087348399755741
"(2, 60, 60)",26/27
"(3, 59, 60)",7108/7381
"(2, 61, 61)",26/27
"(3, 60, 61)",186555717/193710244
"(2, 62, 62)",0.962962962962962963
"(3, 61, 62)",0.96306834276988940313
"(2, 63, 63)",26/27
"(3, 62, 63)",401785145522904861400998771880081/417192584165540266885928663550480
"(2, 64, 64)",26/27
"(3, 63, 64)",275574834748223472912567223639/286140318357709373721487424106
"(2, 65, 65)",0.962962962962962963
"(3, 64, 65)",0.96307591058546696954
"(2, 66, 66)",26/27
"(3, 65, 66)",17563139713992261877/18236498188578218748
"(2, 67, 67)",26/27
"(3, 66, 67)",5854383863174355605/6078831458595550236
"(2, 68, 68)",0.962962962962962963
"(3, 67, 68)",0.96307964323811454354
"(2, 69, 69)",26/27
"(3, 68, 69)",5037080914/5230173321
"(2, 70, 70)",26/27
"(3, 69, 70)",38411469220158308121921/39883221538436254931680
"(2, 71, 71)",0.962962962962962963
"(3, 70, 71)",0.96309863468286568733
"(2, 72, 72)",26/27
"(3, 71, 72)",82916513/86093442
"(2, 73, 73)",26/27
"(3, 72, 73)",16524474298267/17157594341220
"(2, 74, 74)",0.962962962962962963
"(3, 73, 74)",0.96310012168406329325
"(2, 75, 75)",26/27
"(3, 74, 75)",9212977/9565938
"(2, 76, 76)",26/27
"(3, 75, 76)",8030977997072599/8338590828309924
"(2, 77, 77)",0.962962962962962963
"(3, 76, 77)",0.9631097807824129469
"(2, 78, 78)",26/27
"(3, 77, 78)",96151021731455414625772786968000450856041936713369233807/99833905550801733911843323861644724429526423752102838880
"(2, 79, 79)",26/27
"(3, 78, 79)",142030262286751960419699643270107047835793813709347499388611282688601276348061/147470287856664685213556931391705288947386511723664962569568618062735567624100
"(3, 2, 2)",0
"(4, 1, 2)",1/18
"(3, 6, 6)",2/3
"(4, 5, 6)",28715871/43053283
"(3, 7, 7)",2/3
"(4, 6, 7)",81/121
"(3, 8, 8)",2/3
"(4, 7, 8)",109/162
"(3, 9, 9)",2/3
"(4, 8, 9)",27/40
"(3, 10, 10)",2/3
"(4, 9, 10)",717773/1062882
"(3, 11, 11)",2/3
"(4, 10, 11)",1667/2460
"(3, 18, 18)",8/9
"(4, 17, 18)",862021639477911020008720189654572956341551/969773729787523602877806713066264426793043
"(3, 18, 36)",8/9
"(4, 17, 36)",3055303658875311454158168775587/3433683820292514337678037941123
"(3, 19, 19)",8/9
"(4, 18, 19)",60038147048864401/67542585883646652
"(3, 20, 20)",8/9
"(4, 19, 20)",354293/398574
"(3, 21, 21)",8/9
"(4, 20, 21)",3099536523/3486843451
"(3, 22, 22)",8/9
"(4, 21, 22)",4649579401/5230176480
"(3, 23, 23)",8/9
"(4, 22, 23)",2835325/3188646
"(3, 24, 24)",8/9
"(4, 23, 24)",1647715737288063/1853020231898563
"(3, 25, 25)",8/9
"(4, 24, 25)",11669/13122
"(3, 26, 26)",8/9
"(4, 25, 26)",1297/1458
"(3, 27, 27)",8/9
"(4, 26, 27)",90170530811703460053912669209279478423894399961259167200389779612941486046193963579005282022667587904028051255479374080369737/101337161782938510185641104569663089970265542239417741595879917327831280546041477432053856971483909314712417170507857634112757
"(3, 27, 72)",74/81
"(4, 26, 72)",1234131781862757105/1350851718835253557
"(3, 28, 28)",8/9
"(4, 27, 28)",105085/118098
"(3, 29, 29)",8/9
"(4, 28, 29)",315257/354294
"(3, 30, 30)",8/9
"(4, 29, 30)",1886001369059356716448306647/2119557913760810175714721660
"(3, 31, 31)",8/9
"(4, 30, 31)",376966987589/423644216148
"(3, 32, 32)",8/9
"(4, 31, 32)",11677/13122
"(3, 33, 33)",8/9
"(4, 32, 33)",1599236904625939341152997006267206556541463920970699969619/1797010299914431210413179829551996198006691831052145539603
"(3, 34, 34)",8/9
"(4, 33, 34)",1278013823532596368290025/1435795975383705177540498
"(3, 35, 35)",8/9
"(4, 34, 35)",1314834561801857897381/1477156341837020621841
"(3, 67, 67)",26/27
"(4, 66, 67)",743612003080298/772209442267335
"(3, 68, 68)",26/27
"(4, 67, 68)",892205389132139/926510072902560
"(3, 69, 69)",26/27
"(4, 68, 69)",284020345556125930077875971289458282003405874843076855603969453114816839368812/294940575713329370427113862790368174424655176416322150390973123306949586795213
"(3, 70, 70)",26/27
"(4, 69, 70)",933282088331938560467633/969162260869805700289968
"(3, 71, 71)",26/27
"(4, 70, 71)",33479596415238772232546921740051/34766048680461688907125418336910
"(3, 74, 74)",26/27
"(4, 73, 74)",524298522827492159170852153856723380803637275449145140590366429497181736406977892977699/544443987504280392307276583414987691333918433552412729527422955177193658069324359963040
"(3, 75, 75)",26/27
"(4, 74, 75)",32542227890060356280468960746635393/33792599317408761617760221812158961
"(3, 76, 76)",26/27
"(4, 75, 76)",5853922933719880831/6078832729528464036
"(3, 77, 77)",26/27
"(4, 76, 77)",12607649790265547731616649447060718258200661/13091945352131568638837096219211278211319680
"(3, 78, 78)",0.962962962962962963
"(4, 77, 78)",0.9630085436638538014
"(3, 79, 79)",26/27
"(4, 78, 79)",892238303384261/926510094396396
"(3, 80, 80)",26/27
"(4, 79, 80)",12637/13122
"(3, 81, 81)",26/27
"(4, 80, 81)",1730637078756819994624849949646735286503041258376462958017/1797010299914431210413179829551996198006691831052145539603
"(3, 82, 82)",26/27
"(4, 81, 82)",278776646675871119/289468225214616240
"(3, 83, 83)",0.962962962962962963
"(4, 82, 83)",0.96306476017079634794
"(3, 84, 84)",26/27
"(4, 83, 84)",55149164312833905168136484922533365829195399985/57264168970223481226273698162176038695541536973
"(3, 85, 85)",26/27
"(4, 84, 85)",611996041325/635466455442
"(3, 86, 86)",26/27
"(4, 85, 86)",632266228088567386457/656513934789074155254
"(3, 87, 87)",0.962962962962962963
"(4, 86, 87)",0.9630683368450595491
"(3, 88, 88)",26/27
"(4, 87, 88)",44063736178801/45753584909922
"(3, 89, 89)",26/27
"(4, 88, 89)",244952973825110523218290459141/254346949651297221085766599206
"(3, 90, 90)",0.962962962962962963
"(4, 89, 90)",0.96306624847043312867
"(3, 91, 91)",26/27
"(4, 90, 91)",4148298922621253366324785/4307387926151115532621494
"(3, 92, 92)",26/27
"(4, 91, 92)",112004055426744963626930261/116299474006080119380780338
"(3, 93, 93)",0.962962962962962963
"(4, 92, 93)",0.9630650079133124635
"(3, 94, 94)",26/27
"(4, 93, 94)",23892722875989072635235897838629856305312733632356371560818748525597676580681885/24809039964809666658619154535482122979489264262403713188656085410473028704658794
"(3, 95, 95)",26/27
"(4, 94, 95)",40111681389244619114502074622528492911466170791909597135692403561342097770930527247097623/41649965044077450011506658631246558387044760166759573808847856070516891351534424095639160
"(3, 96, 96)",26/27
"(4, 95, 96)",1281150649954400348236547399510123879493/1330279464729113309881221888234620464813
"(3, 97, 97)",26/27
"(4, 96, 97)",2636115036063068070577350179979620651/2737200544710109691038577966784875880
"(3, 98, 98)",26/27
"(4, 97, 98)",401788289199427637411011245795737/417192584165540266885505020042920
"(4, 28, 28)",8/9
"(5, 27, 28)",92916899457909016272500245551844454906060661083291090536962606964229296813872740127/104495676331778315966103878903450701989609104331154369125153724022893118264295225157
"(4, 29, 29)",8/9
"(5, 28, 29)",315037/354294
"(4, 40, 40)",0.88888888888888888893
"(5, 39, 40)",0.8898415972761742757
"(4, 41, 41)",8/9
"(5, 40, 41)",141871/159432
"(4, 42, 42)",8/9
"(5, 41, 42)",608962840971351207710461895392903723/684299993107368243904957630952506917
"(4, 43, 43)",8/9
"(5, 42, 43)",638864910864104923198953/717897987692699877379693
"(4, 48, 48)",8/9
"(5, 47, 48)",1314845773984720182017/1477156353259726319517
"(4, 49, 49)",0.88888888888888888893
"(5, 48, 49)",0.89014214912030867875
"(4, 50, 50)",8/9
"(5, 49, 50)",13754125334891342103398358346991/15451577191316306180944630371960
"(4, 51, 51)",8/9
"(5, 50, 51)",3218932273/3615924564
"(4, 67, 67)",26/27
"(5, 66, 67)",80031023661091014834135995863047789474994587145468130349456436957630311835686913420407883187605301189740712604469017326377175448/83109139807232445665998910885194941661864027829102475326321016937413150533740167543287161351157810618116252514851703623026805231
"(4, 68, 68)",26/27
"(5, 67, 68)",2601640386989485397/2701703435345984178
"(4, 68, 80)",26/27
"(5, 67, 80)",46633228/48426741
"(4, 69, 69)",26/27
"(5, 68, 69)",60437597365/62762119218
"(4, 70, 70)",0.962962962962962963
"(5, 69, 70)",0.96296302493476303603
"(4, 71, 71)",26/27
"(5, 70, 71)",37821177287358475338482355531995050525024325/39275836056394705916511124529161575761647707
"(4, 72, 72)",26/27
"(5, 71, 72)",3070549/3188646
"(4, 72, 87)",26/27
"(5, 71, 87)",5188150822921802354929521408020618784827/5387631832152908904871165469436787547952
"(4, 73, 73)",26/27
"(5, 72, 73)",40199464145253410557349757145288964010328903405857/41745579179292917813953357972097212315544008214323
"(4, 74, 74)",26/27
"(5, 73, 74)",248714729/258280326
"(4, 75, 75)",26/27
"(5, 74, 75)",1399903124792395937897821/1453743425075937945614046
"(4, 75, 92)",149132811959077243262235789766444983931452327567449038798237932385706034975329672050865847378552199000031640746037563506685763789280195303136132198452006509/154861217568591739869846533834968005846132754654472500023811566348349945347844159465413949053597582938122782167470482704518077690130762419981049966868293564
"(5, 74, 92)",12637/13122
"(4, 76, 76)",0.962962962962962963
"(5, 75, 76)",0.96296463616889708547
"(4, 76, 94)",26/27
"(5, 75, 94)",54306046149643742618669848953912962914362994533066176207412037958367/56392087339601733413306017749077380499326765001020791420452340714757
"(4, 77, 77)",26/27
"(5, 76, 77)",341173/354294
"(4, 78, 78)",26/27
"(5, 77, 78)",216803678833505611/225141952364367948
"(4, 78, 84)",26/27
"(5, 77, 84)",3670035835667/3811055350293
"(4, 79, 79)",0.962962962962962963
"(5, 78, 79)",0.96296353618478666394
"(4, 87, 87)",26/27
"(5, 86, 87)",2971021076573094567468107509697481016150165229990896982129370231624522149299043342896481/3085182595857588889741233972684930250892204456797005467322063412670764062392696825025600
"(4, 92, 92)",26/27
"(5, 91, 92)",223056702093602/231627523599099
"(4, 93, 93)",26/27
"(5, 92, 93)",101992168757/105911076180
"(4, 96, 96)",26/27
"(5, 95, 96)",124077233619395953504613873694128252975855159839/128844380183002832759115282441405318175430025378
"(4, 97, 97)",0.962962962962962963
"(5, 96, 97)",0.9630011560088055337
"(4, 98, 98)",26/27
"(5, 97, 98)",181320192901/188286357654
"(4, 99, 99)",0.962962962962962963
"(5, 98, 99)",0.96300951722978920584
"(4, 100, 100)",0.962962962962962963
"(5, 99, 100)",0.9630645734978114639
"(5, 2, 2)",0
"(6, 1, 2)",7/757
"(5, 3, 3)",0
"(6, 2, 3)",1/18
"(5, 4, 4)",0
"(6, 3, 4)",37/486
"(5, 8, 8)",2/3
"(6, 7, 8)",245407/368089
"(5, 8, 17)",2/3
"(6, 7, 17)",137828296693501/205891146443557
"(5, 9, 9)",2/3
"(6, 8, 9)",2917/4374
"(5, 10, 10)",2/3
"(6, 9, 10)",730/1093
"(5, 11, 11)",2/3
"(6, 10, 11)",548585281310765609689957/821581841487258106759759
"(5, 12, 12)",2/3
"(6, 11, 12)",109/162
"(5, 12, 33)",20/27
"(6, 11, 33)",2429/3279
"(5, 13, 13)",2/3
"(6, 12, 13)",2213/3279
"(5, 13, 37)",20/27
"(6, 12, 37)",133019295256165211789009/179474496922963147192562
"(5, 14, 14)",2/3
"(6, 13, 14)",4360793798825501724833425/6461081889229215164760571
"(5, 15, 15)",2/3
"(6, 14, 15)",11915025436/17651812815
"(5, 16, 16)",2/3
"(6, 15, 16)",58182949/86093442
"(5, 33, 33)",8/9
"(6, 32, 33)",502162852465/564859072962
"(5, 37, 37)",8/9
"(6, 36, 37)",1801413817838826058/2026277576509488133
"(5, 38, 38)",8/9
"(6, 37, 38)",491283389069906747/552621157229860400
"(5, 39, 39)",8/9
"(6, 38, 39)",1297/1458
"(5, 39, 96)",74/81
"(6, 38, 96)",15674847340613/17157594336300
"(5, 40, 40)",8/9
"(6, 39, 40)",9892941825913525/11118121133111046
"(5, 40, 100)",74/81
"(6, 39, 100)",187549785709959138007416556105470554/205290040853258226827893347508865691
"(5, 41, 41)",0.88888888888888888893
"(6, 40, 41)",0.8898033997856061084
"(5, 42, 42)",8/9
"(6, 41, 42)",718636603460809265888101/807635236150474563309660
"(5, 43, 43)",8/9
"(6, 42, 43)",801328676634441361/900567811781994726
"(5, 45, 46)",20359247851953/22876797237931
"(6, 44, 46)",1202404407768681271/1350851718835253557
"(5, 46, 46)",8/9
"(6, 45, 46)",13748891626813395062608662743110/15451577191316306180960320813191
"(5, 48, 48)",8/9
"(6, 47, 48)",824415691783663/926510094425880
"(5, 49, 49)",8/9
"(6, 48, 49)",15706732528/17651812815
"(5, 50, 50)",8/9
"(6, 49, 50)",1660509532580134020546363714916410247266592031757157568338/1866126080680370872352148284490743695105763151673922302801
"(5, 52, 52)",8/9
"(6, 51, 52)",1478844995131688679919/1661800897434843955350
"(5, 54, 54)",8/9
"(6, 53, 54)",3290471767067903619473818962055570802133274737611371445/3697552057437101255994197180060915719612089763366224852
"(5, 56, 56)",8/9
"(6, 55, 56)",8816532396295056952914590682782102815033189515793949877301440510110682397521909934461079596939118732965826797547825794089404730017345591/9907133410611495334334531916495276048912564404018612129856530139344580053788377448788381759411526063335381787123485163112651243923140160
"(5, 59, 59)",8/9
"(6, 58, 59)",20359295499391/22876797237931
"(5, 61, 61)",8/9
"(6, 60, 61)",21643564275988614361/24315330918113857602
"(5, 62, 62)",0.88888888888888888893
"(6, 61, 62)",0.8901425058337670572
"(5, 63, 63)",8/9
"(6, 62, 63)",18622510093/20920706406
"(5, 93, 93)",26/27
"(6, 92, 93)",9255548283988846203080697320157855607004232021498816969011121618000076199456083325533387/9611530394787103848809228914903051935471867730790670878964889862551226502069946549630266
"(5, 94, 94)",26/27
"(6, 93, 94)",1753192973988770856192391193203672805824984564929197053351977822931737851303/1820620837736601052019221375249186261880587508742729323401068662365041901560
"(5, 95, 95)",0.962962962962962963
"(6, 94, 95)",0.96296479568205537933
"(5, 97, 97)",26/27
"(6, 96, 97)",43958286699998201381490150788728627608467014940078777/45648790832556805629511635145721306879137239637250280
"(5, 98, 98)",0.962962962962962963
"(6, 97, 98)",0.9629671446788598483
"(5, 99, 99)",26/27
"(6, 98, 99)",14686343229241/15251194969974
"(5, 100, 100)",26/27
"(6, 99, 100)",10847056441223909180198843596764737/11264199772469586530494215100890276
"(6, 2, 2)",0
"(7, 1, 2)",1/120
"(6, 3, 3)",0
"(7, 2, 3)",1629/59293
"(6, 3, 12)",2/9
"(7, 2, 12)",776035755/3486843451
"(6, 4, 4)",0
"(7, 3, 4)",1/18
"(6, 5, 5)",0
"(7, 4, 5)",61481/797148
"(6, 9, 9)",2/3
"(7, 8, 9)",1235375501063877/1853020231898563
"(6, 9, 18)",2/3
"(7, 8, 18)",4315339077679184997085191/6461081889229215164760571
"(6, 10, 10)",2/3
"(7, 9, 10)",43054039/64570068
"(6, 10, 13)",2/3
"(7, 9, 13)",2921/4374
"(6, 10, 22)",2/3
"(7, 9, 22)",3353591/4966677
"(6, 11, 11)",2/3
"(7, 10, 11)",319307/478296
"(6, 13, 13)",2/3
"(7, 12, 13)",709901/1062882
"(6, 14, 14)",2/3
"(7, 13, 14)",1601720/2391483
"(6, 14, 38)",20/27
"(7, 13, 38)",1955368290251/2639624931720
"(6, 15, 15)",2/3
"(7, 14, 15)",259752171/387440173
"(6, 15, 42)",20/27
"(7, 14, 42)",561/757
"(6, 16, 16)",2/3
"(7, 15, 16)",109/162
"(6, 16, 46)",20/27
"(7, 15, 46)",361/486
"(6, 17, 17)",2/3
"(7, 16, 17)",529820537576409852188348819/785021449541040805820267280
"(6, 18, 18)",2/3
"(7, 17, 18)",20860094099729017161072668888127/30903154382632617920981208359053
"(6, 19, 19)",2/3
"(7, 18, 19)",3432717722453/5083731656658
"(6, 20, 20)",2/3
"(7, 19, 20)",523646861/774840978
"(6, 21, 21)",2/3
"(7, 20, 21)",8091720512977925363191907115466286061453/11972515182562019788712159015848559464891
"(6, 40, 40)",8/9
"(7, 39, 40)",104989/118098
"(6, 41, 41)",8/9
"(7, 40, 41)",5559702749364512/6253941829830813
"(6, 43, 43)",8/9
"(7, 42, 43)",8105542847845608029/9118231936698355380
"(6, 44, 44)",8/9
"(7, 43, 44)",2289474800400172543457312085487/2575262865219371855607112067034
"(6, 46, 46)",8/9
"(7, 45, 46)",935561871829504733/1052105662010411757
"(6, 48, 48)",0.88888888888888888893
"(7, 47, 48)",0.88929658799656257723
"(6, 49, 50)",0.88981636866396984363
"(7, 48, 50)",0.8898410194544448016
"(6, 50, 50)",8/9
"(7, 49, 50)",302734695621074997865/340414632853594006428
"(6, 51, 51)",8/9
"(7, 50, 51)",247348802536920475865500010108043/278128389443693527934467475898331
"(6, 53, 54)",3290471767067903619473818962055570802133274737611371445/3697552057437101255994197180060915719612089763366224852
"(7, 52, 54)",1504565848131796583690209908717557253507040765572293/1690695956761363171465110736196120585099263723532796
"(6, 54, 54)",0.88888888888888888893
"(7, 53, 54)",0.88980478434810340746
"(6, 55, 56)",8816532396295056952914590682782102815033189515793949877301440510110682397521909934461079596939118732965826797547825794089404730017345591/9907133410611495334334531916495276048912564404018612129856530139344580053788377448788381759411526063335381787123485163112651243923140160
"(7, 54, 56)",28659868229161650732873604289080739129962269722309776690964632770297097379333890771309932497206612493171367827702441653312994810544890259/32198183584487359836587228728609647158965834313060489422033722952869885174812226708562240718087459705839990808151326780116116542750205520
"(6, 56, 57)",16696599397551160/18761511678896349
"(7, 55, 57)",59129/66429
"(6, 57, 58)",945901/1062882
"(7, 56, 58)",200400744306555332/225141952945495401
"(6, 58, 58)",8/9
"(7, 57, 58)",835255497086913608749741096446442/938683314372465600493339494779733
"(6, 59, 59)",8/9
"(7, 58, 59)",232842336419602596477776254/261673816513680268606755747
"(6, 60, 60)",8/9
"(7, 59, 60)",50179783638888379679062554551954856714688160195806729110743696674551/56392087339601733413306017749077380499326765001020791420452340714757
"(6, 61, 62)",0.8901425058337670572
"(7, 60, 62)",0.89014350166550563543
"(6, 62, 63)",18622510093/20920706406
"(7, 61, 63)",94268712107/105894933660
"(6, 63, 63)",8/9
"(7, 62, 63)",836869128597579620520924249004324960164071133405146822932719683732914956037663550691/940461086986004843694934910131056317906479999432929747079177762562153736217025906083
"(6, 65, 65)",8/9
"(7, 64, 65)",4583477931935723352100044293335/5150524653591787189207890478548
"(6, 67, 67)",8/9
"(7, 66, 67)",698598448973980357314400201/785021449541040804076875081
"(6, 69, 69)",0.88888888888888888893
"(7, 68, 69)",0.889921487935391284
"(6, 70, 70)",8/9
"(7, 69, 70)",106480953637578574500873/119649664615308764795041
"(6, 72, 72)",0.88888888888888888893
"(7, 71, 72)",0.8899539865993394048
"(6, 76, 76)",8/9
"(7, 75, 76)",2795139608048135943661795897/3140085798164163223281069126
"(6, 77, 77)",8/9
"(7, 76, 77)",185694585130151627365822339361527/208596292082770133442964332168900
"(6, 93, 93)",0.962962962962962963
"(7, 92, 93)",0.96296296302908540625
"(6, 94, 94)",26/27
"(7, 93, 94)",8029754154256663/8338590847441800
"(6, 95, 95)",26/27
"(7, 94, 95)",25940449703594582125156526901636094015445/26938159160764544524356165060113355987762
"(6, 96, 96)",0.962962962962962963
"(7, 95, 96)",0.9629629804362276472
"(6, 97, 97)",26/27
"(7, 96, 97)",723590043433822463726779460025037612453997928543493/751420425227272520651160327198275815599672767077458
"(6, 98, 98)",26/27
"(7, 97, 98)",112711517645539970965205557178334970832168243920670431983552785448160444941444166091385516884674837/117046570366653203393176852872319038691338851833808146214945350117400541009186511967428523088423012
"(6, 99, 99)",0.962962962962962963
"(7, 98, 99)",0.9629631025376290034
"(6, 100, 100)",26/27
"(7, 99, 100)",3070549/3188646
"(7, 2, 2)",0
"(8, 1, 2)",1/162
"(7, 3, 3)",0
"(8, 2, 3)",1/54
"(7, 4, 4)",0
"(8, 3, 4)",3/91
"(7, 5, 5)",0
"(8, 4, 5)",1/18
"(7, 6, 6)",0
"(8, 5, 6)",113/1458
"(7, 10, 10)",2/3
"(8, 9, 10)",547730961896417095902267/821581841487258106759759
"(7, 10, 19)",2/3
"(8, 9, 19)",150310789601211108/225141952945498681
"(7, 11, 11)",2/3
"(8, 10, 11)",57404485/86093442
"(7, 11, 14)",2/3
"(8, 10, 14)",532171/797148
"(7, 11, 22)",127873517068968847577501753393/190760212238472915814324949040
"(8, 10, 22)",164/243
"(7, 11, 23)",2/3
"(8, 10, 23)",99695110131922822001/147715635327535227924
"(7, 11, 24)",100629713958402999/150094635684419611
"(8, 10, 24)",27/40
"(7, 12, 12)",2/3
"(8, 11, 12)",243/364
"(7, 12, 27)",2/3
"(8, 11, 27)",329/486
"(7, 13, 13)",2/3
"(8, 12, 13)",188382425997/282430067923
"(7, 16, 17)",529820537576409852188348819/785021449541040805820267280
"(8, 15, 17)",529844172123148210533191393/785021449541040805820267280
"(7, 16, 43)",20/27
"(8, 15, 43)",1825983629150461584324522848781644139903162841810027383/2465034704958067503996131454943986712156808124038135533
"(7, 17, 17)",2/3
"(8, 16, 17)",29665/44286
"(7, 17, 47)",20/27
"(8, 16, 47)",3241/4374
"(7, 18, 18)",2/3
"(8, 17, 18)",8385615435428899/12507886274749380
"(7, 18, 51)",20/27
"(8, 17, 51)",431025635/581130732
"(7, 18, 52)",55669532522151679/75047317648410987
"(8, 17, 52)",3245/4374
"(7, 20, 21)",8091720512977925363191907115466286061453/11972515182562019788712159015848559464891
"(8, 19, 21)",8092922831098744716247377047435019897771/11972515182562019788712159015848559464891
"(7, 21, 22)",1178205989/1742595039
"(8, 20, 22)",1667/2460
"(7, 22, 22)",2/3
"(8, 21, 22)",187792951766077831880232450127209/278128389443693527934467475898331
"(7, 23, 23)",2/3
"(8, 22, 23)",239233/354294
"(7, 23, 71)",62/81
"(8, 22, 71)",3942378689612284902953913671069/5150525730438543585033828135240
"(7, 27, 27)",2/3
"(8, 26, 27)",837176954048609/1235346792567894
"(7, 34, 34)",8/9
"(8, 33, 34)",48611171318847924682940471997677259144007631481152931746617958737931335011616762410980906611194863368540876173/54687564869829362182513248937549525219772952158835913486360921855690189670000566262224197087108380616140453557
"(7, 34, 52)",8/9
"(8, 33, 52)",587702850865239457603512349196988599486304026227562694020937651/661157273628571317849132024305370678210966472969705686958238089
"(7, 35, 35)",8/9
"(8, 34, 35)",7412084247162844/8338590849823443
"(7, 35, 47)",8/9
"(8, 34, 47)",36474609191010290551/41032120924171852020
"(7, 35, 56)",8/9
"(8, 34, 56)",11665/13122
"(7, 36, 36)",8/9
"(8, 35, 36)",6374380/7171173
"(7, 36, 42)",8/9
"(8, 35, 42)",944801/1062882
"(7, 36, 59)",0.889195409216445571
"(8, 35, 59)",0.8895747599451303155
"(7, 36, 60)",8/9
"(8, 35, 60)",1297/1458
"(7, 36, 61)",1988715493603488943389421/2236528346270771526553440
"(8, 35, 61)",77563876849845531418402511/87224605504560089535496680
"(7, 37, 37)",8/9
"(8, 36, 37)",600381086977463283/675425858836496044
"(7, 37, 62)",14270059803697565317015991893757/16045868621751548726381871705678
"(8, 36, 62)",1297/1458
"(7, 37, 63)",101040622585586896870/113627403871526984769
"(8, 36, 63)",57454956/64570081
"(7, 37, 64)",8/9
"(8, 36, 64)",731055622020781820756949/821581841487258106759759
"(7, 37, 65)",4433157701682522378319/4985402692304531866050
"(8, 36, 65)",3832782985780173216532733/4307387926151115532621494
"(7, 37, 66)",53171/59787
"(8, 36, 66)",1130923519751/1270932914163
"(7, 38, 38)",8/9
"(8, 37, 38)",247069714392295/277953021870768
"(7, 38, 66)",0.88980735080377687686
"(8, 37, 66)",0.8898497983463456264
"(7, 38, 67)",7512329271966130535435666451131971/8448149829352190404440055307757057
"(8, 37, 67)",824516422881949/926510094425799
"(7, 38, 68)",8/9
"(8, 37, 68)",35033/39366
"(7, 38, 69)",0.8892290334356963444
"(8, 37, 69)",0.88994058874978760986
"(7, 38, 70)",7212077009266894813/8105110306037952534
"(8, 37, 70)",9309232478/10460353203
"(7, 38, 71)",950647/1068255
"(8, 37, 71)",12174155609317683076/13677142013915438421
"(7, 38, 72)",114639979530158750635554844183806932657860745579208893645721929784680352611519645192060018924994200186554918900649523436753167644827027329/128792734337949439346348914914438588635863337252241957688134891811479540699248906834248962872349838823359963232605307120464466171000822080
"(8, 37, 72)",11833513550040857150610/13294407179478751643893
"(7, 39, 39)",8/9
"(8, 38, 39)",1506312918289/1694577218886
"(7, 39, 47)",587773423123921620947307667185488520210610337731162850910981663/661157273628571317849132024305370678210966472969705686958238089
"(8, 38, 47)",5834/6561
"(7, 39, 68)",1080371019254007295765641917900223979413648329034119675011202442621904939659/1213747225157734034679480916832790841253725005828486215600712441592385130844
"(8, 38, 68)",433/486
"(7, 39, 69)",17516/19683
"(8, 38, 69)",142244688434353019575813/159532886153745019726722
"(7, 39, 70)",2957416617032301463337/3323545509381451536303
"(8, 38, 70)",19190914/21523347
"(7, 39, 71)",11821970479768622068536/13294407179478751643893
"(8, 38, 71)",2594046314622218407504800595343121468916985/2909321189362570808633420139198793280379129
"(7, 39, 72)",8/9
"(8, 38, 72)",230291209/258280326
"(7, 39, 73)",1506981822389/1694577218886
"(8, 38, 73)",57572821/64570041
"(7, 39, 74)",10491485719989213922172944569320135072652193795571582304743649/11790184577738583171520872861415952349498504104760498958186243
"(8, 38, 74)",650/729
"(7, 39, 75)",472958/531441
"(8, 38, 75)",30596552506566/34315188682441
"(7, 39, 76)",3944703827765588531041/4431469059826243373511
"(8, 38, 76)",76764137/86093442
"(7, 40, 40)",8/9
"(8, 39, 40)",6280278937881771628430922270/7065193045869367252382405533
"(7, 40, 49)",0.88888888888888888893
"(8, 39, 49)",0.889206705584432649
"(7, 40, 72)",17751167301013453935819/19941610769218127465840
"(8, 39, 72)",62955842949/70607384120
"(7, 40, 73)",0.8901121388093092281
"(8, 39, 73)",0.891636275913973119
"(7, 40, 74)",5409606862684009306/6078832729528375827
"(8, 39, 74)",8529337/9565938
"(7, 40, 75)",16217869965023167711/18236498188585363677
"(8, 39, 75)",22304966935234882/25015772549499813
"(7, 40, 76)",8/9
"(8, 39, 76)",37221779944654059882737588885866726514063025315339/41745579179292917813953357972097212315544008214323
"(7, 40, 77)",1293672370051773157742921164867441632358628/1454660594681285404315232838198803574840681
"(8, 39, 77)",77773316958669350151411476/87224605504560089535585249
"(7, 40, 78)",40623780707978953867838038425835488369910774749514019/45648790832556805629557989877295255797680120599954480
"(8, 39, 78)",2403452843437915628633547114374869283596009458557273135903/2695515449871646815619769327071823394056946555378112311960
"(7, 40, 79)",0.89014725831592737067
"(8, 39, 79)",0.89166751503352173805
"(7, 40, 80)",947737/1062882
"(8, 39, 80)",230317345/258280326
"(7, 41, 41)",8/9
"(8, 40, 41)",78700/88533
"(7, 41, 44)",8/9
"(8, 40, 44)",11665/13122
"(7, 41, 50)",6059/6813
"(8, 40, 50)",2837269/3188646
"(7, 41, 51)",0.88920543577652431873
"(8, 40, 51)",0.8893404918891058024
"(7, 41, 77)",1131397479937/1270932825591
"(8, 40, 77)",2072698681/2324522934
"(7, 41, 78)",0.889950639746859375
"(8, 40, 78)",0.89166666854489685956
"(7, 41, 79)",931366186286368953300299717/1046695266054721074427023042
"(8, 40, 79)",275379832417823/308836698112449
"(7, 41, 80)",8/9
"(8, 40, 80)",78977/88572
"(7, 41, 81)",0.8898385702132118649
"(8, 40, 81)",0.8916662914926851268
"(7, 41, 82)",573076167560047148488438454788/643815716304846090873346604595
"(8, 40, 82)",650/729
"(7, 43, 43)",8/9
"(8, 42, 43)",4060696401706837551229480021896931111301335915123580478762422830873203/4567759074507740406477787437675267279763878886542498220893090603351853
"(7, 43, 54)",1297/1458
"(8, 42, 54)",6384204/7174453
"(7, 43, 87)",433/486
"(8, 42, 87)",2782467578795/3119562607491
"(7, 43, 88)",8/9
"(8, 42, 88)",1602847488991966467570462224208499565106842052780450694257/1797010299914431210413179829551996198006691831052145539603
"(7, 43, 89)",65050932465161433901/72945992754341572806
"(8, 42, 89)",103736254943907900844902229/116299474006080119380780338
"(7, 47, 47)",8/9
"(8, 46, 47)",2470798204618501/2779530283277640
"(7, 48, 48)",8/9
"(8, 47, 48)",76536577/86093442
"(7, 52, 52)",8/9
"(8, 51, 52)",183079468803663/205891146443557
"(7, 53, 54)",0.88980478434810340746
"(8, 52, 54)",0.88980714700542260133
"(7, 54, 54)",8/9
"(8, 53, 54)",11490752368655197042126681/12922163778453346597864482
"(7, 55, 56)",4523541470033/5083731656658
"(8, 54, 56)",105085/118098
"(7, 56, 57)",0.8898089590412691831
"(8, 55, 57)",0.8898163929640371586
"(7, 57, 57)",8/9
"(8, 56, 57)",11669/13122
"(7, 60, 60)",8/9
"(8, 59, 60)",41861084885/47071589409
"(7, 63, 63)",8/9
"(8, 62, 63)",516818717/581130732
"(7, 64, 65)",4583477931935723352100044293335/5150524653591787189207890478548
"(8, 63, 65)",6205901309/6973568802
"(7, 65, 66)",118233/132860
"(8, 64, 66)",1599236904625939341152997006267206556541463920970699969619/1797010299914431210413179829551996198006691831052145539603
"(7, 66, 66)",8/9
"(8, 65, 66)",194723051482996934413/218837978263024718418
"(7, 67, 67)",0.88888888888888888893
"(8, 66, 67)",0.88980730720833061515
"(7, 68, 68)",8/9
"(8, 67, 68)",2837285/3188646
"(7, 69, 69)",8/9
"(8, 68, 69)",4523579970301/5083731656658
"(7, 70, 71)",7420870951399699/8338589106441084
"(8, 69, 71)",1237048346574203/1389765141638820
"(7, 71, 71)",8/9
"(8, 70, 71)",76609153/86093442
"(7, 72, 72)",8/9
"(8, 71, 72)",2837377/3188646
"(7, 73, 73)",0.88888888888888888893
"(8, 72, 73)",0.88983853062973930595
"(7, 74, 74)",8/9
"(8, 73, 74)",943629944771018777837996989652250070472580361/1060447573522657058960783344215381565994768772
"(7, 75, 76)",2795139608048135943661795897/3140085798164163223281069126
"(8, 74, 76)",30082508685803890297668448087653118/33792599317408761609421630962325677
"(7, 76, 77)",185694585130151627365822339361527/208596292082770133442964332168900
"(8, 75, 77)",30547737809194/34315188682401
"(7, 78, 78)",8/9
"(8, 77, 78)",3007224744113943986935147680923171/3379259931740876161775979816785424
"(7, 80, 80)",8/9
"(8, 79, 80)",167559104537/188286357654
"(7, 84, 84)",8/9
"(8, 83, 84)",7420502055016730/8338167205528563
"(7, 86, 86)",8/9
"(8, 85, 86)",12564674968323007128398437873165295514685535197261491828135930287201948500802769678708470139730712477/14115816386218376329217128456401676066175465531157262433522409224158505245707893343271879884464293536
"(7, 88, 88)",0.88888888888888888893
"(8, 87, 88)",0.890143341622538039
"(8, 4, 5)",1/18
"(9, 3, 5)",9/121
"(8, 4, 10)",2/9
"(9, 3, 10)",35435/159432
"(8, 4, 16)",2/9
"(9, 3, 16)",322817/1434888
"(8, 5, 5)",0
"(9, 4, 5)",4/121
"(8, 6, 6)",0
"(9, 5, 6)",1/18
"(8, 7, 7)",0
"(9, 6, 7)",4131/53144
"(8, 11, 11)",2/3
"(9, 10, 11)",137263092379255/205891146443557
"(8, 11, 20)",2/3
"(9, 10, 20)",1237063095149311/1853020231898563
"(8, 12, 12)",2/3
"(9, 11, 12)",8749/13122
"(8, 12, 15)",2/3
"(9, 11, 15)",16164644/24213735
"(8, 12, 23)",29659/44286
"(9, 11, 23)",7214345/10761678
"(8, 12, 24)",2/3
"(9, 11, 24)",92027888807737/137260754729766
"(8, 12, 25)",1601643/2391484
"(9, 11, 25)",7670940053737/11438396227480
"(8, 13, 13)",2/3
"(9, 12, 13)",973/1458
"(8, 13, 27)",8026883839453292831523216391611262137765/11972515182562019788712159015848559464891
"(9, 12, 27)",19929/29524
"(8, 13, 28)",2/3
"(9, 12, 28)",717445/1062882
"(8, 13, 29)",109/162
"(9, 12, 29)",59809/88573
"(8, 14, 14)",2/3
"(9, 13, 14)",150164116880227573/225141952945498681
"(8, 15, 15)",2/3
"(9, 14, 15)",505/757
"(8, 17, 18)",8385615435428899/12507886274749380
"(9, 16, 18)",3859872841977/5719198113740
"(8, 17, 44)",20/27
"(9, 16, 44)",1331126283061726941327196022249751026818574800895663176477/1797010299914431210413179829551996198006691831052145539603
"(8, 18, 18)",2/3
"(9, 17, 18)",378294587177/564859072962
"(8, 19, 20)",109/162
"(9, 18, 20)",14526787/21523360
"(8, 19, 37)",20/27
"(9, 18, 37)",573959197/774840978
"(8, 19, 52)",20/27
"(9, 18, 52)",65584/88533
"(8, 20, 21)",8857/13122
"(9, 19, 21)",312712905797069/463255047212960
"(8, 20, 38)",20/27
"(9, 19, 38)",2504849296649983270763500151242049025939146336116975/3381391913522726342930221530541978173238587142238731
"(8, 20, 55)",1081/1458
"(9, 19, 55)",1622/2187
"(8, 20, 56)",20/27
"(9, 19, 56)",2546648880611181187177805538385/3433683820292514337678037941123
"(8, 20, 57)",137432538037473/185302018885184
"(9, 19, 57)",101802230227709/137260754729766
"(8, 20, 59)",0.74279835390946502056
"(9, 19, 59)",0.74348422518053844756
"(8, 21, 21)",2/3
"(9, 20, 21)",178127/265719
"(8, 22, 23)",239233/354294
"(9, 21, 23)",985/1458
"(8, 23, 23)",2/3
"(9, 22, 23)",733/1093
"(8, 24, 24)",2/3
"(9, 23, 24)",109/162
"(8, 25, 25)",2/3
"(9, 24, 25)",130754816/193710123
"(8, 26, 26)",2/3
"(9, 25, 26)",70555830432367860994514012750706938954313419638854229276144821629508049492652421577/104495676331778315966103878903450701989609104331154369125153724022893118264295225157
"(8, 28, 28)",2/3
"(9, 27, 28)",174549965/258280326
"(8, 38, 38)",0.88888888888888888893
"(9, 37, 38)",0.8888889096020296474
"(8, 38, 56)",8/9
"(9, 37, 56)",344393389/387440173
"(8, 44, 44)",0.88888888888888888893
"(9, 43, 44)",0.8889006437524622709
"(8, 44, 53)",8/9
"(9, 43, 53)",67736515128868341085639983590286124691568693731233759194107958294599591604300290375035/76177348045866392339289727720615561750424810130358764811713991636354616819760378061051
"(8, 44, 76)",709409/797160
"(9, 43, 76)",20358986024096/22876792454961
"(8, 44, 77)",0.88990501136551807194
"(9, 43, 77)",0.89015509508864039813
"(8, 44, 78)",1297/1458
"(9, 43, 78)",21260998718071784812691420372/23845026529809114476790614985
"(8, 44, 79)",49288455684596594627011893580205683363/55428311030379721243531203827393736327
"(9, 43, 79)",1317080661251434581601/1477156353275416583601
"(8, 44, 80)",8/9
"(9, 43, 80)",16012625734743188117716171087800837517408/17958772773843029682904110040075570658521
"(8, 44, 81)",315049/354294
"(9, 43, 81)",4532821961233/5083731656658
"(8, 44, 82)",31408960747/35298311220
"(9, 43, 82)",66914747334669577/75047317648470036
"(8, 44, 83)",6384611/7174452
"(9, 43, 83)",37797512465619314054277162913/42391158275216409405426527851
"(8, 44, 84)",2128682/2391483
"(9, 43, 84)",40795399546381/45753584909922
"(8, 44, 85)",8515153/9565938
"(9, 43, 85)",495666884268799/555906056655552
"(8, 44, 86)",433/486
"(9, 43, 86)",296414951641331116524758678924336506691259229856511413201643060186148489578499902998511894119888263896829277556280699400352211129/332436559228929782663995643540779766647456111316409901305284067749652602134960670173148645404631242472465010059406814492107220924
"(8, 45, 45)",8/9
"(9, 44, 45)",2125847/2391483
"(8, 46, 46)",8/9
"(9, 45, 46)",16210933223466380977/18236498188391682957
"(8, 46, 56)",2126573/2391483
"(9, 45, 56)",2915/3276
"(8, 46, 57)",811009648447300594315870174525947053250307837728604222638128617009441224459078498605871213543797529890404791236361463507896603/912034456046446591670769941126967809732389880154759674362919254040471623320722823102103309194527159992541476585884459033307123
"(9, 45, 57)",1297/1458
"(8, 46, 84)",10335127778786141349889051020958163793910004464710992586006242743061796706991525313/11610630703530923996233764322605633554401083427441580830469145396761617887204325771
"(9, 45, 84)",230291429/258280326
"(8, 46, 85)",292133595318248904698/328256967394537077627
"(9, 45, 85)",230292433/258280326
"(8, 46, 86)",30537300828809/34315188672600
"(9, 45, 86)",25198544129755091909390743877/28260772183477469009529622134
"(8, 46, 87)",16217841413426150610/18236498188585393201
"(9, 45, 87)",3399744385801/3812798653920
"(8, 46, 88)",8/9
"(9, 45, 88)",35101/39366
"(8, 46, 89)",10172262227815/11438396226387
"(9, 45, 89)",206535347841337/231627523605660
"(8, 46, 90)",177687720182586461872619473857536071536097604889063282693/199667811101603467823686647737419834950791582008970489557
"(9, 45, 90)",78977/88572
"(8, 46, 91)",382058515677425288886545512724/429210477522886686940792091259
"(9, 45, 91)",1647452835256399728844867239286687390/1847610367679324041451040127579791219
"(8, 46, 92)",433/486
"(9, 45, 92)",105301/118098
"(8, 47, 47)",8/9
"(9, 46, 47)",131392557722551064102366643330903865441/147808829414345923328240875665440226403
"(8, 47, 58)",3889/4374
"(9, 46, 58)",10023055711972014875036441183347076/11264199772469587205919650293081599
"(8, 47, 59)",1297/1458
"(9, 46, 59)",3008816460523568425744383377130704321944762651765291/3381391913522726342930221530541978173238587142238731
"(8, 47, 88)",433/486
"(9, 46, 88)",52652/59049
"(8, 47, 89)",0.89014752308533178523
"(9, 46, 89)",0.89164428267646673787
"(8, 47, 90)",278457449173927135504880424325499/312894438124155200164128765032190
"(9, 46, 90)",26671930710493751769457/29912416153827191198730
"(8, 47, 91)",1297/1458
"(9, 46, 91)",18899710401334126752934787975/21195579137608101757147128027
"(8, 47, 92)",0.88888888888888888893
"(9, 46, 92)",0.8917356614066803014
"(8, 47, 93)",76607329/86093442
"(9, 46, 93)",1239303219442187/1389765141638820
"(8, 47, 94)",371329776607473034284582865885033/417171388586402658784171517131041
"(9, 46, 94)",3399849335780/3812605032249
"(8, 47, 95)",0.8909465020576131687
"(9, 46, 95)",0.8917456941511375319
"(8, 48, 48)",8/9
"(9, 47, 48)",106359927255433358958277/119649664615308764794920
"(8, 48, 60)",8/9
"(9, 47, 60)",618322906333595/694870802922087
"(8, 48, 94)",4128858422208595714015393155587901553276061560881/4638397686588101979328152321584554529876734008757
"(9, 47, 94)",3891562563509486680064736319152817824552217/4363981784043856212945698739738363670020724
"(8, 48, 95)",2068607593/2324522934
"(9, 47, 95)",251862701426/282429536481
"(8, 48, 96)",8/9
"(9, 47, 96)",690989957/774840978
"(8, 48, 97)",0.88991753933493887417
"(9, 47, 97)",0.89193777771550193054
"(8, 48, 98)",433/486
"(9, 47, 98)",106720640349015469513010/119649664615308762403557
"(8, 48, 99)",826392433807034/926510087251467
"(9, 47, 99)",1700417188183/1906399326960
"(8, 49, 49)",8/9
"(9, 48, 49)",16210862139731491523/18236498188585363677
"(8, 49, 53)",3889/4374
"(9, 48, 53)",376229699701/423063173988
"(8, 49, 62)",1297/1458
"(9, 48, 62)",109543765275114213724/123094278125238945789
"(8, 49, 98)",3304929742388941/3706040377703682
"(9, 48, 98)",1779791415910486442573805980676232700009/1995419197093669963289966984510757668292
"(8, 49, 99)",236435650507658163079478071439476414329288348466715535445358576403227837058692214247243022554581/265613988875874769338781322035779626829233452653909873495306973070128952031067804267086806566003
"(9, 48, 99)",6399243/7174453
"(8, 49, 100)",8/9
"(9, 48, 100)",1779856330932795181584061452916148741461/1995419197093669964767123337785593386880
"(8, 50, 50)",0.88888888888888888893
"(9, 49, 50)",0.8889006127975892499
"(8, 52, 52)",8/9
"(9, 51, 52)",608297978361861528079171360035022105/684300136177527422759644479928321617
"(8, 55, 55)",8/9
"(9, 54, 55)",14539651039209511636963932/16354613532105016787922235
"(8, 56, 56)",0.88888888888888888893
"(9, 55, 56)",0.8890262045199267223
"(8, 57, 57)",8/9
"(9, 56, 57)",6562/7381
"(8, 58, 58)",8/9
"(9, 57, 58)",172246663/193710244
"(8, 59, 59)",0.88888888888888888893
"(9, 58, 59)",0.88920502830966820966
"(8, 60, 60)",8/9
"(9, 59, 60)",123656756079211350143712996179761/139064194721846755628642887850160
"(8, 61, 62)",1507037278501/1694577218886
"(9, 60, 62)",18615394117/20920706406
"(8, 61, 63)",0.8898422774167447624
"(9, 60, 63)",0.88990499594486119995
"(8, 61, 83)",2085479833/2324522934
"(9, 60, 83)",21814863051039302701/24315330918113857602
"(8, 62, 63)",516818717/581130732
"(9, 61, 63)",2837273/3188646
"(8, 62, 64)",11677/13122
"(9, 61, 64)",2473518340197079/2779530218707680
"(8, 63, 63)",8/9
"(9, 62, 63)",5405474254940116045/6078832729526072916
"(8, 64, 65)",1297/1458
"(9, 63, 65)",314181824912/353090737205
"(8, 65, 65)",0.88888888888888888893
"(9, 64, 65)",0.8892389297143436309
"(8, 66, 67)",0.88980730720833061515
"(9, 65, 67)",0.8898148750422234651
"(8, 67, 67)",8/9
"(9, 66, 67)",35467964583602414502403/39883221538436254931680
"(8, 68, 68)",0.88888888888888888893
"(9, 67, 68)",0.88929590404859706204
"(8, 69, 70)",0.8898190158058600637
"(9, 68, 70)",0.8898389281360785382
"(8, 70, 71)",76609153/86093442
"(9, 69, 71)",30533559063736/34313445290241
"(8, 71, 72)",2837377/3188646
"(9, 70, 72)",1993715714031898495583064506674363619212551358489609514304212822356083504635381016731/2240510236643129186449697874135751816188964747129270491882398992498739333618618765280
"(8, 72, 73)",0.88983853062973930595
"(9, 71, 73)",0.8898535671141318461
"(8, 73, 74)",943629944771018777837996989652250070472580361/1060447573522657058960783344215381565994768772
"(9, 72, 74)",657267173515518194903/738578159480114083440
"(8, 74, 74)",0.88888888888888888893
"(9, 73, 74)",0.88932934234723884067
"(8, 75, 75)",8/9
"(9, 74, 75)",29595084697587592017877237726903967903024320878634007887/33277968516933911303947774620548241476508807917367612960
"(8, 76, 76)",8/9
"(9, 75, 76)",43716737048975503610661689008970188537536139226904191008898870646777564598661/49156762618888228404518977130568429649128837241221654189856206020911855874700
"(8, 77, 78)",3007224744113943986935147680923171/3379259931740876161775979816785424
"(9, 76, 78)",334149718790006908085216798228251/375473325748986240197331090753936
"(8, 78, 78)",8/9
"(9, 77, 78)",1297/1458
"(8, 79, 79)",8/9
"(9, 78, 79)",30068896911126985509150140719490897/33792599317408761617760221812158960
"(8, 80, 81)",107877314690391730913888133638530125064933/121221690878990962303031529450343742825799
"(9, 79, 81)",13134751521292484205972566585669878313404695199475777447583277935686719821172291867100087592065/14756332715326376074376740113098868157179636258521916443031942318838471716739010166352962110244
"(8, 81, 81)",8/9
"(9, 80, 81)",29679208202958085/33354363399333138
"(8, 82, 83)",67510067028999002894975217037588457843991728685724598568841679670257265886/75859201572358377167467557302049427578357812864280388475044527599524070655
"(9, 81, 83)",92624438605957502220549826274439792790394473343087339768533193055709512/104059261416129461135072095064539681177445559484609586385520613991116695
"(8, 83, 83)",8/9
"(9, 82, 83)",2258390270250666370469136554390959713261764303421910871296016270365019/2538030766247060027684685245476577589693794133770965521598063755880895
"(8, 84, 85)",0.8899539822018060929
"(9, 83, 85)",0.89014209055171855775
"(8, 85, 86)",12564674968323007128398437873165295514685535197261491828135930287201948500802769678708470139730712477/14115816386218376329217128456401676066175465531157262433522409224158505245707893343271879884464293536
"(9, 84, 86)",2037644780192680561346143010125/2289122546861674989771899392854
"(8, 86, 87)",27417650263304410909734210727330209297393267794791/30802153058405401704065179501090689094357708698060
"(9, 85, 87)",4243615335282767268751471/4767336738103486643259660
