"(1, 1, 1)",0.3333333333333333
"(1, 1, 2)",0.5
"(1, 1, 3)",0.5
"(1, 1, 4)",0.5
"(1, 1, 5)",0.5
"(1, 1, 6)",0.5
"(1, 1, 7)",0.5
"(1, 1, 8)",0.5
"(1, 1, 9)",0.5
"(1, 1, 10)",0.5
"(1, 1, 11)",0.5
"(1, 1, 12)",0.5
"(1, 1, 13)",0.5
"(1, 1, 14)",0.5
"(1, 1, 15)",0.5
"(1, 1, 16)",0.5
"(1, 1, 17)",0.5
"(1, 1, 18)",0.5
"(1, 1, 19)",0.5
"(1, 1, 20)",0.5
"(1, 1, 21)",0.5
"(1, 1, 22)",0.5
"(1, 1, 23)",0.5
"(1, 1, 24)",0.5
"(1, 1, 25)",0.5
"(1, 1, 26)",0.5
"(1, 1, 27)",0.5
"(1, 1, 28)",0.5
"(1, 1, 29)",0.5
"(1, 1, 30)",0.5
"(1, 1, 31)",0.5
"(1, 1, 32)",0.5
"(1, 1, 33)",0.5
"(1, 1, 34)",0.5
"(1, 1, 35)",0.5
"(1, 1, 36)",0.5
"(1, 1, 37)",0.5
"(1, 1, 38)",0.5
"(1, 1, 39)",0.5
"(1, 1, 40)",0.5
"(1, 1, 41)",0.5
"(1, 1, 42)",0.5
"(1, 1, 43)",0.5
"(1, 1, 44)",0.5
"(1, 1, 45)",0.5
"(1, 1, 46)",0.5
"(1, 1, 47)",0.5
"(1, 1, 48)",0.5
"(1, 1, 49)",0.5
"(1, 1, 50)",0.5
"(1, 2, 1)",0.5
"(1, 2, 2)",0.6666666666666666
"(1, 2, 3)",0.6923076923076923
"(1, 2, 4)",0.7222222222222222
"(1, 2, 5)",0.7407407407407407
"(1, 2, 6)",0.7410832232496698
"(1, 2, 7)",0.7416666666666667
"(1, 2, 8)",0.7407407407407407
"(1, 2, 9)",0.7417907678815374
"(1, 2, 10)",0.742798353909465
"(1, 2, 11)",0.7435897435897436
"(1, 2, 12)",0.7437892018594726
"(1, 2, 13)",0.7437928715872084
"(1, 2, 14)",0.743801652892562
"(1, 2, 15)",0.7438243366880146
"(1, 2, 16)",0.7441700960219478
"(1, 2, 17)",0.7443987197073617
"(1, 2, 18)",0.7443987731228046
"(1, 2, 19)",0.7443988659742085
"(1, 2, 20)",0.7443987197073617
"(1, 2, 21)",0.7443992831777891
"(1, 2, 22)",0.7443992773261066
"(1, 2, 23)",0.7444003930737692
"(1, 2, 24)",0.7444025297408892
"(1, 2, 25)",0.7444025312493096
"(1, 2, 26)",0.7444026224436467
"(1, 2, 27)",0.7444025008708731
"(1, 2, 28)",0.7444003930737692
"(1, 2, 29)",0.7443987197073617
"(1, 2, 30)",0.7444004407488967
"(1, 2, 31)",0.744402903507526
"(1, 2, 32)",0.7444037444037443
"(1, 2, 33)",0.7444039303049974
"(1, 2, 34)",0.7444071872512659
"(1, 2, 35)",0.7444101961935515
"(1, 2, 36)",0.7444104434064237
"(1, 2, 37)",0.7444104905020018
"(1, 2, 38)",0.7444112644744031
"(1, 2, 39)",0.7444112693862815
"(1, 2, 40)",0.744411279704724
"(1, 2, 41)",0.7444113106779957
"(1, 2, 42)",0.7444113164808305
"(1, 2, 43)",0.744411403815889
"(1, 2, 44)",0.744411405958758
"(1, 2, 45)",0.744411450061522
"(1, 2, 46)",0.7444114539331966
"(1, 2, 47)",0.7444116882970192
"(1, 2, 48)",0.7444117340567581
"(1, 2, 49)",0.7444128322805353
"(1, 2, 50)",0.7444137736923414
"(1, 3, 1)",0.5
"(1, 3, 2)",0.6923076923076923
"(1, 3, 3)",0.6666666666666666
"(1, 3, 4)",0.7222222222222222
"(1, 3, 5)",0.7490092470277411
"(1, 3, 6)",0.75
"(1, 3, 7)",0.7592592592592593
"(1, 3, 8)",0.7654697856408008
"(1, 3, 9)",0.7654320987654321
"(1, 3, 10)",0.7655677655677655
"(1, 3, 11)",0.7657721944224323
"(1, 3, 12)",0.7658402203856749
"(1, 3, 13)",0.7658402203856749
"(1, 3, 14)",0.7657822506861848
"(1, 3, 15)",0.7654320987654321
"(1, 3, 16)",0.7661179698216736
"(1, 3, 17)",0.7664532219110052
"(1, 3, 18)",0.7664835164835165
"(1, 3, 19)",0.7665752171925011
"(1, 3, 20)",0.7666628545328527
"(1, 3, 21)",0.7666666666666667
"(1, 3, 22)",0.7666853471487749
"(1, 3, 23)",0.7666857772810922
"(1, 3, 24)",0.7666870166870167
"(1, 3, 25)",0.7666892560759738
"(1, 3, 26)",0.7666907312244595
"(1, 3, 27)",0.7666971637694419
"(1, 3, 28)",0.766727632982777
"(1, 3, 29)",0.766753082075989
"(1, 3, 30)",0.7667530983912493
"(1, 3, 31)",0.7667530845613038
"(1, 3, 32)",0.7667530826518822
"(1, 3, 33)",0.7667530356144897
"(1, 3, 34)",0.766753102728444
"(1, 3, 35)",0.7667534590129198
"(1, 3, 36)",0.7667534595105707
"(1, 3, 37)",0.7667531956712912
"(1, 3, 38)",0.7667536002887086
"(1, 3, 39)",0.7667543109912784
"(1, 3, 40)",0.7667543403983469
"(1, 3, 41)",0.7667543371862937
"(1, 3, 42)",0.7667543382476403
"(1, 3, 43)",0.7667543521057796
"(1, 3, 44)",0.7667543419447523
"(1, 3, 45)",0.7667543365265846
"(1, 3, 46)",0.7667536398856923
"(1, 3, 47)",0.7667535053893801
"(1, 3, 48)",0.7667530356144897
"(1, 3, 49)",0.7667535159519986
"(1, 3, 50)",0.7667543113553241
"(1, 4, 1)",0.5
"(1, 4, 2)",0.7222222222222222
"(1, 4, 3)",0.7222222222222222
"(1, 4, 4)",0.7777777777777778
"(1, 4, 5)",0.8333333333333334
"(1, 4, 6)",0.8333333333333334
"(1, 4, 7)",0.8333333333333334
"(1, 4, 8)",0.8333333333333334
"(1, 4, 9)",0.8333333333333334
"(1, 4, 10)",0.8333333333333334
"(1, 4, 11)",0.8333333333333334
"(1, 4, 12)",0.8333333333333334
"(1, 4, 13)",0.8333333333333334
"(1, 4, 14)",0.8333333333333334
"(1, 4, 15)",0.8333333333333334
"(1, 4, 16)",0.8333333333333334
"(1, 4, 17)",0.8333333333333334
"(1, 4, 18)",0.8333333333333334
"(1, 4, 19)",0.8333333333333334
"(1, 4, 20)",0.8333333333333334
"(1, 4, 21)",0.8333333333333334
"(1, 4, 22)",0.8333333333333334
"(1, 4, 23)",0.8333333333333334
"(1, 4, 24)",0.8333333333333334
"(1, 4, 25)",0.8333333333333334
"(1, 4, 26)",0.8333333333333334
"(1, 4, 27)",0.8333333333333334
"(1, 4, 28)",0.8333333333333334
"(1, 4, 29)",0.8333333333333334
"(1, 4, 30)",0.8333333333333334
"(1, 4, 31)",0.8333333333333334
"(1, 4, 32)",0.8333333333333334
"(1, 4, 33)",0.8333333333333334
"(1, 4, 34)",0.8333333333333334
"(1, 4, 35)",0.8333333333333334
"(1, 4, 36)",0.8333333333333334
"(1, 4, 37)",0.8333333333333334
"(1, 4, 38)",0.8333333333333334
"(1, 4, 39)",0.8333333333333334
"(1, 4, 40)",0.8333333333333334
"(1, 4, 41)",0.8333333333333334
"(1, 4, 42)",0.8333333333333334
"(1, 4, 43)",0.8333333333333334
"(1, 4, 44)",0.8333333333333334
"(1, 4, 45)",0.8333333333333334
"(1, 4, 46)",0.8333333333333334
"(1, 4, 47)",0.8333333333333334
"(1, 4, 48)",0.8333333333333334
"(1, 4, 49)",0.8333333333333334
"(1, 4, 50)",0.8333333333333334
"(1, 5, 1)",0.5
"(1, 5, 2)",0.7407407407407407
"(1, 5, 3)",0.7490092470277411
"(1, 5, 4)",0.8333333333333334
"(1, 5, 5)",0.8888888888888888
"(1, 5, 6)",0.8892280707672069
"(1, 5, 7)",0.8895747599451304
"(1, 5, 8)",0.8888888888888888
"(1, 5, 9)",0.8901098901098901
"(1, 5, 10)",0.8916700537415888
"(1, 5, 11)",0.8919498010407101
"(1, 5, 12)",0.8925619834710744
"(1, 5, 13)",0.8950617283950617
"(1, 5, 14)",0.897119341563786
"(1, 5, 15)",0.8971532633915201
"(1, 5, 16)",0.8971544715447154
"(1, 5, 17)",0.897119341563786
"(1, 5, 18)",0.8972209544496255
"(1, 5, 19)",0.8972247636474535
"(1, 5, 20)",0.8974241731443378
"(1, 5, 21)",0.8974243148890644
"(1, 5, 22)",0.8974254436583203
"(1, 5, 23)",0.8974241731443378
"(1, 5, 24)",0.8974354683684654
"(1, 5, 25)",0.8974358974358975
"(1, 5, 26)",0.8974392265557231
"(1, 5, 27)",0.8974597167081614
"(1, 5, 28)",0.8978052126200274
"(1, 5, 29)",0.8980338363054412
"(1, 5, 30)",0.8980338416592643
"(1, 5, 31)",0.8980338479207278
"(1, 5, 32)",0.8980338363054412
"(1, 5, 33)",0.8980338576142852
"(1, 5, 34)",0.8980338983177187
"(1, 5, 35)",0.8980340240620468
"(1, 5, 36)",0.8980343011799975
"(1, 5, 37)",0.8980339911785515
"(1, 5, 38)",0.8980343032191788
"(1, 5, 39)",0.8980343995754936
"(1, 5, 40)",0.8980342609086944
"(1, 5, 41)",0.8980338363054412
"(1, 5, 42)",0.8980342757433712
"(1, 5, 43)",0.8980350924789435
"(1, 5, 44)",0.8980351423872587
"(1, 5, 45)",0.8980352766013248
"(1, 5, 46)",0.898036658820076
"(1, 5, 47)",0.8980375996582876
"(1, 5, 48)",0.8980376048501025
"(1, 5, 49)",0.8980376053965956
"(1, 5, 50)",0.8980376530033534
"(1, 6, 1)",0.5
"(1, 6, 2)",0.7410832232496698
"(1, 6, 3)",0.75
"(1, 6, 4)",0.8333333333333334
"(1, 6, 5)",0.8892280707672069
"(1, 6, 6)",0.8888888888888888
"(1, 6, 7)",0.8901098901098901
"(1, 6, 8)",0.8919497498018908
"(1, 6, 9)",0.8925619834710744
"(1, 6, 10)",0.8925619834710744
"(1, 6, 11)",0.8920402561756633
"(1, 6, 12)",0.8888888888888888
"(1, 6, 13)",0.8950617283950617
"(1, 6, 14)",0.8980789971990469
"(1, 6, 15)",0.8983516483516484
"(1, 6, 16)",0.8991769547325102
"(1, 6, 17)",0.8999656907956743
"(1, 6, 18)",0.9
"(1, 6, 19)",0.9001681243389739
"(1, 6, 20)",0.90017199552983
"(1, 6, 21)",0.9001831501831502
"(1, 6, 22)",0.9002033046837644
"(1, 6, 23)",0.9002165810201359
"(1, 6, 24)",0.9002744739249772
"(1, 6, 25)",0.9005486968449932
"(1, 6, 26)",0.9007777386839009
"(1, 6, 27)",0.9007778855212435
"(1, 6, 28)",0.9007777610517337
"(1, 6, 29)",0.9007777438669398
"(1, 6, 30)",0.9007773205304069
"(1, 6, 31)",0.9007779245559959
"(1, 6, 32)",0.9007811311162778
"(1, 6, 33)",0.9007811355951362
"(1, 6, 34)",0.9007787610416211
"(1, 6, 35)",0.9007824025983783
"(1, 6, 36)",0.9007887989215064
"(1, 6, 37)",0.9007890635851219
"(1, 6, 38)",0.9007890346766431
"(1, 6, 39)",0.900789044228762
"(1, 6, 40)",0.9007891689520162
"(1, 6, 41)",0.9007890775027708
"(1, 6, 42)",0.9007890287392621
"(1, 6, 43)",0.9007827589712311
"(1, 6, 44)",0.9007815485044212
"(1, 6, 45)",0.9007773205304069
"(1, 6, 46)",0.9007816435679873
"(1, 6, 47)",0.9007888021979171
"(1, 6, 48)",0.9007900050182045
"(1, 6, 49)",0.9007914331035807
"(1, 7, 1)",0.5
"(1, 7, 2)",0.7416666666666667
"(1, 7, 3)",0.7592592592592593
"(1, 7, 4)",0.8333333333333334
"(1, 7, 5)",0.8895747599451304
"(1, 7, 6)",0.8901098901098901
"(1, 7, 7)",0.8888888888888888
"(1, 7, 8)",0.8919410197353566
"(1, 7, 9)",0.8971533516988063
"(1, 7, 10)",0.8974358974358975
"(1, 7, 11)",0.8980691056910569
"(1, 7, 12)",0.8991769547325102
"(1, 7, 13)",0.9074074074074074
"(1, 7, 14)",0.9135841961184427
"(1, 7, 15)",0.9135887144574845
"(1, 7, 16)",0.9135802469135802
"(1, 7, 17)",0.9136254278065806
"(1, 7, 18)",0.9136180714568862
"(1, 7, 19)",0.91369440774989
"(1, 7, 20)",0.9138863490081146
"(1, 7, 21)",0.9138879010087667
"(1, 7, 22)",0.9138888888888889
"(1, 7, 23)",0.9138088705989941
"(1, 7, 24)",0.9136948667770586
"(1, 7, 25)",0.9135802469135802
"(1, 7, 26)",0.9137158825716093
"(1, 7, 27)",0.913897690116651
"(1, 7, 28)",0.9139302559605125
"(1, 7, 29)",0.913988005563525
"(1, 7, 30)",0.9140205815679175
"(1, 7, 31)",0.9142661179698217
"(1, 7, 32)",0.9145065124498756
"(1, 7, 33)",0.9145286296149414
"(1, 7, 34)",0.9145299145299145
"(1, 7, 35)",0.9145329333572398
"(1, 7, 36)",0.9145963539695525
"(1, 7, 37)",0.9145964006198242
"(1, 7, 38)",0.9145965093550925
"(1, 7, 39)",0.9145967720634239
"(1, 7, 40)",0.9145976238624028
"(1, 7, 41)",0.9145980715004806
"(1, 7, 42)",0.9146001379153473
"(1, 7, 43)",0.9146005509641874
"(1, 7, 44)",0.9146014165110526
"(1, 7, 45)",0.9146048197259903
"(1, 7, 46)",0.9146081122293382
"(1, 7, 47)",0.91460932060174
"(1, 7, 48)",0.9146217548137987
"(1, 7, 49)",0.9147233653406492
"(1, 7, 50)",0.9147995738188246
"(1, 8, 1)",0.5
"(1, 8, 2)",0.7407407407407407
"(1, 8, 3)",0.7654697856408008
"(1, 8, 4)",0.8333333333333334
"(1, 8, 5)",0.8888888888888888
"(1, 8, 6)",0.8919497498018908
"(1, 8, 7)",0.8919410197353566
"(1, 8, 8)",0.8888888888888888
"(1, 8, 9)",0.8925619834710744
"(1, 8, 10)",0.8974593495934959
"(1, 8, 11)",0.8998628257887518
"(1, 8, 12)",0.9
"(1, 8, 13)",0.9074074074074074
"(1, 8, 14)",0.9136868752442259
"(1, 8, 15)",0.9136856386387082
"(1, 8, 16)",0.9139194139194139
"(1, 8, 17)",0.9144947416552355
"(1, 8, 18)",0.9139316379162264
"(1, 8, 19)",0.9138964156087444
"(1, 8, 20)",0.9135802469135802
"(1, 8, 21)",0.9139190123623362
"(1, 8, 22)",0.9142661179698217
"(1, 8, 23)",0.9145302844321174
"(1, 8, 24)",0.914600121271168
"(1, 8, 25)",0.9147998868485244
"(1, 8, 26)",0.9148108810852074
"(1, 8, 27)",0.9149013233586389
"(1, 8, 28)",0.9156378600823045
"(1, 8, 29)",0.9163237311385459
"(1, 8, 30)",0.9163576070785232
"(1, 8, 31)",0.9163350418559348
"(1, 8, 32)",0.9163577412735662
"(1, 8, 33)",0.916368891585944
"(1, 8, 34)",0.9163999390336839
"(1, 8, 35)",0.9164253416653966
"(1, 8, 36)",0.9164255332672098
"(1, 8, 37)",0.9164253888435357
"(1, 8, 38)",0.9163701528990599
"(1, 8, 39)",0.9163619689388723
"(1, 8, 40)",0.9163579149269
"(1, 8, 41)",0.9163237311385459
"(1, 8, 42)",0.9163588575496276
"(1, 8, 43)",0.9163690778759751
"(1, 8, 44)",0.9164265961163454
"(1, 8, 45)",0.9164305149424768
"(1, 8, 46)",0.9164370556747157
"(1, 8, 47)",0.9164408184626234
"(1, 8, 48)",0.9164593978768073
"(1, 8, 49)",0.9164605288423525
"(1, 8, 50)",0.9164705018995524
"(1, 9, 1)",0.5
"(1, 9, 2)",0.7417907678815374
"(1, 9, 3)",0.7654320987654321
"(1, 9, 4)",0.8333333333333334
"(1, 9, 5)",0.8901098901098901
"(1, 9, 6)",0.8925619834710744
"(1, 9, 7)",0.8971533516988063
"(1, 9, 8)",0.8925619834710744
"(1, 9, 9)",0.8888888888888888
"(1, 9, 10)",0.8950617283950617
"(1, 9, 11)",0.8981705766290796
"(1, 9, 12)",0.9
"(1, 9, 13)",0.9074074074074074
"(1, 9, 14)",0.9139206215286593
"(1, 9, 15)",0.9139981701738334
"(1, 9, 16)",0.9142661179698217
"(1, 9, 17)",0.9148112816390797
"(1, 9, 18)",0.9148351648351648
"(1, 9, 19)",0.9148757811309252
"(1, 9, 20)",0.9148451676811649
"(1, 9, 21)",0.9148351648351648
"(1, 9, 22)",0.9148155674853841
"(1, 9, 23)",0.9146320344061399
"(1, 9, 24)",0.9135802469135802
"(1, 9, 25)",0.9156378600823045
"(1, 9, 26)",0.9166436375732716
"(1, 9, 27)",0.9167356092000596
"(1, 9, 28)",0.9170096021947873
"(1, 9, 29)",0.917275859496355
"(1, 9, 30)",0.9172871651670582
"(1, 9, 31)",0.9173437392165223
"(1, 9, 32)",0.9173513123110533
"(1, 9, 33)",0.9173553719008265
"(1, 9, 34)",0.9173738949152845
"(1, 9, 35)",0.9173742819831878
"(1, 9, 36)",0.9173851360246463
"(1, 9, 37)",0.917466849565615
"(1, 9, 38)",0.9175443292068715
"(1, 9, 39)",0.9175448712299726
"(1, 9, 40)",0.917546982589377
"(1, 9, 41)",0.9175470085704667
"(1, 9, 42)",0.9175430574607529
"(1, 9, 43)",0.9175477616518108
"(1, 9, 44)",0.9175544937859638
"(1, 9, 45)",0.9175549230331138
"(1, 9, 46)",0.9175556091088944
"(1, 9, 48)",0.9175549230331138
"(1, 9, 49)",0.9175552883575034
"(1, 9, 50)",0.917555655909391
"(1, 10, 1)",0.5
"(1, 10, 2)",0.742798353909465
"(1, 10, 3)",0.7655677655677655
"(1, 10, 4)",0.8333333333333334
"(1, 10, 5)",0.8916700537415888
"(1, 10, 6)",0.8925619834710744
"(1, 10, 7)",0.8974358974358975
"(1, 10, 8)",0.8974593495934959
"(1, 10, 9)",0.8950617283950617
"(1, 10, 10)",0.8888888888888888
"(1, 10, 11)",0.8975257999230603
"(1, 10, 12)",0.899989838947315
"(1, 10, 13)",0.9074074074074074
"(1, 10, 14)",0.9145064552200874
"(1, 10, 15)",0.914833495296923
"(1, 10, 16)",0.9163364156759137
"(1, 10, 17)",0.9163588609935642
"(1, 10, 18)",0.9164676793849176
"(1, 10, 19)",0.9166666666666666
"(1, 10, 20)",0.9170096021947873
"(1, 10, 21)",0.9173403080937328
"(1, 10, 22)",0.9197530864197531
"(1, 10, 23)",0.9218121140731504
"(1, 10, 24)",0.9218219950855512
"(1, 10, 25)",0.921823261880267
"(1, 10, 26)",0.92184457019429
"(1, 10, 27)",0.9218161358187779
"(1, 10, 28)",0.9218106995884774
"(1, 10, 29)",0.9218257685719015
"(1, 10, 30)",0.9218489067325941
"(1, 10, 31)",0.9218559218559218
"(1, 10, 32)",0.9218484783213977
"(1, 10, 33)",0.9218564644141435
"(1, 10, 34)",0.9219240648074775
"(1, 10, 35)",0.9219275190346264
"(1, 10, 36)",0.9219463818145682
"(1, 10, 37)",0.9219467401285583
"(1, 10, 38)",0.9219466053953278
"(1, 10, 39)",0.9219474353157504
"(1, 10, 40)",0.9219467401285583
"(1, 10, 41)",0.9219466604747255
"(1, 10, 42)",0.9219377127470406
"(1, 10, 43)",0.9219274168953949
"(1, 10, 44)",0.9219240707151052
"(1, 10, 45)",0.9218869074836153
"(1, 10, 46)",0.9218106995884774
"(1, 10, 47)",0.9219173485709207
"(1, 10, 48)",0.9219479961474107
"(1, 10, 49)",0.9220393232738912
"(1, 10, 50)",0.9221280814357345
"(1, 11, 1)",0.5
"(1, 11, 2)",0.7435897435897436
"(1, 11, 3)",0.7657721944224323
"(1, 11, 4)",0.8333333333333334
"(1, 11, 5)",0.8919498010407101
"(1, 11, 6)",0.8920402561756633
"(1, 11, 7)",0.8980691056910569
"(1, 11, 8)",0.8998628257887518
"(1, 11, 9)",0.8981705766290796
"(1, 11, 10)",0.8975257999230603
"(1, 11, 11)",0.8888888888888888
"(1, 11, 12)",0.8983538624016402
"(1, 11, 13)",0.9074074074074074
"(1, 11, 14)",0.9148001310245897
"(1, 11, 15)",0.9164291050851261
"(1, 11, 16)",0.9166628665966283
"(1, 11, 17)",0.9172382258802012
"(1, 11, 18)",0.9175430626310096
"(1, 11, 19)",0.9197530864197531
"(1, 11, 20)",0.9218106995884774
"(1, 11, 21)",0.9219161253049007
"(1, 11, 22)",0.9218559114744871
"(1, 11, 23)",0.9219463663908108
"(1, 11, 24)",0.9221269629770242
"(1, 11, 25)",0.9221494175982576
"(1, 11, 26)",0.9221306318087527
"(1, 11, 27)",0.9221311886398643
"(1, 11, 28)",0.9221495409831323
"(1, 11, 29)",0.9221494082985944
"(1, 11, 30)",0.9221206883565555
"(1, 11, 31)",0.9219466454760323
"(1, 11, 32)",0.9218106995884774
"(1, 11, 33)",0.9219505219146445
"(1, 11, 34)",0.9221507953946343
"(1, 11, 35)",0.9222185512793681
"(1, 11, 36)",0.9222334564421627
"(1, 11, 37)",0.9224965706447188
"(1, 11, 38)",0.9227406729694012
"(1, 11, 39)",0.9227607549191379
"(1, 11, 40)",0.9227707732908316
"(1, 11, 41)",0.9228272230072995
"(1, 11, 42)",0.9228272385580919
"(1, 11, 43)",0.9228307592459741
"(1, 11, 44)",0.9228311414245416
"(1, 11, 46)",0.922860675097382
"(1, 11, 47)",0.9228607222585389
"(1, 11, 48)",0.9228611398352607
"(1, 11, 49)",0.9228623633280452
"(1, 11, 50)",0.9228650137741047
"(1, 12, 1)",0.5
"(1, 12, 2)",0.7437892018594726
"(1, 12, 3)",0.7658402203856749
"(1, 12, 4)",0.8333333333333334
"(1, 12, 5)",0.8925619834710744
"(1, 12, 6)",0.8888888888888888
"(1, 12, 7)",0.8991769547325102
"(1, 12, 8)",0.9
"(1, 12, 9)",0.9
"(1, 12, 10)",0.899989838947315
"(1, 12, 11)",0.8983538624016402
"(1, 12, 12)",0.8888888888888888
"(1, 12, 13)",0.9074074074074074
"(1, 12, 14)",0.9164593529533662
"(1, 12, 15)",0.9172847043217414
"(1, 12, 16)",0.9197530864197531
"(1, 12, 17)",0.9221272395692024
"(1, 12, 18)",0.9222323879231473
"(1, 12, 19)",0.9227294395102614
"(1, 12, 20)",0.9227629674544877
"(1, 12, 21)",0.9227251943301326
"(1, 12, 22)",0.9230304442624279
"(1, 12, 23)",0.9230417393695194
"(1, 12, 24)",0.9230769230769231
"(1, 12, 25)",0.9238683127572016
"(1, 12, 26)",0.9245579953506117
"(1, 12, 27)",0.9245596215119828
"(1, 12, 28)",0.9245585512351533
"(1, 12, 29)",0.924588059791107
"(1, 12, 30)",0.9245886189867416
"(1, 12, 31)",0.9245694387553317
"(1, 12, 32)",0.9245893153234083
"(1, 12, 33)",0.92458805398906
"(1, 12, 34)",0.924588194201814
"(1, 12, 35)",0.9245692390097232
"(1, 12, 36)",0.9245541838134431
"(1, 12, 37)",0.9245693766940314
"(1, 12, 38)",0.9245893556879883
"(1, 12, 39)",0.9245993929974715
"(1, 12, 40)",0.924630391708581
"(1, 12, 41)",0.9246559803856158
"(1, 12, 42)",0.9246595634317359
"(1, 12, 43)",0.924659573833449
"(1, 12, 44)",0.9246572037258426
"(1, 12, 45)",0.9246609739646905
"(1, 12, 46)",0.9246712865514154
"(1, 12, 47)",0.9246896802579042
"(1, 12, 48)",0.9246896645159105
"(1, 12, 49)",0.9246924870305453
"(1, 12, 50)",0.9246938932741259
"(1, 13, 1)",0.5
"(1, 13, 2)",0.7437928715872084
"(1, 13, 3)",0.7658402203856749
"(1, 13, 4)",0.8333333333333334
"(1, 13, 5)",0.8950617283950617
"(1, 13, 6)",0.8950617283950617
"(1, 13, 7)",0.9074074074074074
"(1, 13, 8)",0.9074074074074074
"(1, 13, 9)",0.9074074074074074
"(1, 13, 10)",0.9074074074074074
"(1, 13, 11)",0.9074074074074074
"(1, 13, 12)",0.9074074074074074
"(1, 13, 13)",0.9259259259259259
"(1, 13, 14)",0.9444444444444444
"(1, 13, 15)",0.9444444444444444
"(1, 13, 16)",0.9444444444444444
"(1, 13, 17)",0.9444444444444444
"(1, 13, 18)",0.9444444444444444
"(1, 13, 19)",0.9444444444444444
"(1, 13, 20)",0.9444444444444444
"(1, 13, 21)",0.9444444444444444
"(1, 13, 22)",0.9444444444444444
"(1, 13, 23)",0.9444444444444444
"(1, 13, 24)",0.9444444444444444
"(1, 13, 25)",0.9444444444444444
"(1, 13, 26)",0.9444444444444444
"(1, 13, 27)",0.9444444444444444
"(1, 13, 28)",0.9444444444444444
"(1, 13, 29)",0.9444444444444444
"(1, 13, 30)",0.9444444444444444
"(1, 13, 31)",0.9444444444444444
"(1, 13, 32)",0.9444444444444444
"(1, 13, 33)",0.9444444444444444
"(1, 13, 34)",0.9444444444444444
"(1, 13, 35)",0.9444444444444444
"(1, 13, 36)",0.9444444444444444
"(1, 13, 37)",0.9444444444444444
"(1, 13, 38)",0.9444444444444444
"(1, 13, 39)",0.9444444444444444
"(1, 13, 40)",0.9444444444444444
"(1, 13, 41)",0.9444444444444444
"(1, 13, 42)",0.9444444444444444
"(1, 13, 43)",0.9444444444444444
"(1, 13, 44)",0.9444444444444444
"(1, 13, 45)",0.9444444444444444
"(1, 13, 46)",0.9444444444444444
"(1, 13, 47)",0.9444444444444444
"(1, 13, 48)",0.9444444444444444
"(1, 13, 49)",0.9444444444444444
"(1, 13, 50)",0.9444444444444444
"(1, 14, 1)",0.5
"(1, 14, 2)",0.743801652892562
"(1, 14, 3)",0.7657822506861848
"(1, 14, 4)",0.8333333333333334
"(1, 14, 5)",0.897119341563786
"(1, 14, 6)",0.8980789971990469
"(1, 14, 7)",0.9135841961184427
"(1, 14, 8)",0.9136868752442259
"(1, 14, 9)",0.9139206215286593
"(1, 14, 10)",0.9145064552200874
"(1, 14, 11)",0.9148001310245897
"(1, 14, 12)",0.9164593529533662
"(1, 14, 13)",0.9444444444444444
"(1, 14, 14)",0.9629629629629629
"(1, 14, 15)",0.9629642193353447
"(1, 14, 16)",0.9629667280373797
"(1, 14, 17)",0.9629629629629629
"(1, 14, 18)",0.9629968333959688
"(1, 14, 19)",0.9629756933250205
"(1, 14, 20)",0.9630018716201378
"(1, 14, 21)",0.9630647284477648
"(1, 14, 22)",0.962998509611607
"(1, 14, 23)",0.9630662513386717
"(1, 14, 24)",0.9630658744665156
"(1, 14, 25)",0.9630085467295999
"(1, 14, 26)",0.9629629629629629
"(1, 14, 27)",0.9630118890356671
"(1, 14, 28)",0.9630662518341043
"(1, 14, 29)",0.9631022089397324
"(1, 14, 30)",0.9632682753077209
"(1, 14, 31)",0.9632721211896684
"(1, 14, 32)",0.9632729525169051
"(1, 14, 33)",0.9632719972697575
"(1, 14, 34)",0.9632931971752273
"(1, 14, 35)",0.9633131148837156
"(1, 14, 36)",0.9633694516236962
"(1, 14, 37)",0.9633708040955256
"(1, 14, 38)",0.9633806951289042
"(1, 14, 39)",0.9634034766697164
"(1, 14, 40)",0.9636488340192044
"(1, 14, 41)",0.9638774577046182
"(1, 14, 43)",0.9638780169602087
"(1, 14, 44)",0.9638791516138825
"(1, 14, 45)",0.9638791976713883
"(1, 14, 46)",0.9638814128387221
"(1, 14, 47)",0.9638792696924823
"(1, 14, 48)",0.9638812692609042
"(1, 14, 49)",0.9638824755721679
"(1, 14, 50)",0.9638824961672579
"(1, 15, 1)",0.5
"(1, 15, 2)",0.7438243366880146
"(1, 15, 3)",0.7654320987654321
"(1, 15, 4)",0.8333333333333334
"(1, 15, 5)",0.8971532633915201
"(1, 15, 6)",0.8983516483516484
"(1, 15, 7)",0.9135887144574845
"(1, 15, 8)",0.9136856386387082
"(1, 15, 9)",0.9139981701738334
"(1, 15, 10)",0.914833495296923
"(1, 15, 11)",0.9164291050851261
"(1, 15, 12)",0.9172847043217414
"(1, 15, 13)",0.9444444444444444
"(1, 15, 14)",0.9629642193353447
"(1, 15, 15)",0.9629629629629629
"(1, 15, 16)",0.9629714305068672
"(1, 15, 17)",0.9629970258883395
"(1, 15, 18)",0.9630087272207245
"(1, 15, 19)",0.9630646224366276
"(1, 15, 20)",0.962997318401835
"(1, 15, 21)",0.9629629629629629
"(1, 15, 22)",0.9630118890356671
"(1, 15, 23)",0.9631026303318212
"(1, 15, 24)",0.9631097808235339
"(1, 15, 25)",0.9631002558696908
"(1, 15, 26)",0.9633033430587042
"(1, 15, 27)",0.9633748462729408
"(1, 15, 28)",0.9633844794075967
"(1, 15, 29)",0.9634034148492491
"(1, 15, 30)",0.9634037094570324
"(1, 15, 31)",0.96340369512732
"(1, 15, 32)",0.9634045297071888
"(1, 15, 33)",0.9634037088833471
"(1, 15, 34)",0.9634034766697164
"(1, 15, 35)",0.9633857290149465
"(1, 15, 36)",0.9633825071136081
"(1, 15, 37)",0.9633748430011742
"(1, 15, 38)",0.9633135593559009
"(1, 15, 39)",0.9629629629629629
"(1, 15, 40)",0.9636488340192044
